0 1200 1000 -11.5478
0.001 1199.7 1000.2 -11.5478
0.002 1199.4 1000.4 -11.5478
0.003 1199.1 1000.6 -11.5478
0.004 1198.8 1000.8 -11.5478
0.005 1198.5 1001 -11.5478
0.006 1198.19 1001.2 -11.5478
0.007 1197.89 1001.39 -11.5478
0.008 1197.59 1001.59 -11.5478
0.009 1197.29 1001.79 -11.5478
0.01 1196.99 1001.99 -11.5478
0.011 1196.68 1002.19 -11.5478
0.012 1196.38 1002.38 -11.5478
0.013 1196.08 1002.58 -11.5478
0.014 1195.78 1002.78 -11.5478
0.015 1195.47 1002.97 -11.5478
0.016 1195.17 1003.17 -11.5478
0.017 1194.86 1003.36 -11.5478
0.018 1194.56 1003.56 -11.5478
0.019 1194.26 1003.76 -11.5478
0.02 1193.95 1003.95 -11.5478
0.021 1193.65 1004.14 -11.5478
0.022 1193.34 1004.34 -11.5478
0.023 1193.04 1004.53 -11.5478
0.024 1192.73 1004.73 -11.5478
0.025 1192.43 1004.92 -11.5478
0.026 1192.12 1005.11 -11.5478
0.027 1191.81 1005.31 -11.5478
0.028 1191.51 1005.5 -11.5478
0.029 1191.2 1005.69 -11.5478
0.03 1190.9 1005.89 -11.5478
0.031 1190.59 1006.08 -11.5478
0.032 1190.28 1006.27 -11.5478
0.033 1189.97 1006.46 -11.5478
0.034 1189.67 1006.65 -11.5478
0.035 1189.36 1006.84 -11.5478
0.036 1189.05 1007.03 -11.5478
0.037 1188.74 1007.22 -11.5478
0.038 1188.44 1007.41 -11.5478
0.039 1188.13 1007.6 -11.5478
0.04 1187.82 1007.79 -11.5478
0.041 1187.51 1007.98 -11.5478
0.042 1187.2 1008.17 -11.5478
0.043 1186.89 1008.36 -11.5478
0.044 1186.58 1008.55 -11.5478
0.045 1186.27 1008.74 -11.5478
0.046 1185.96 1008.92 -11.5478
0.047 1185.65 1009.11 -11.5478
0.048 1185.34 1009.3 -11.5478
0.049 1185.03 1009.49 -11.5478
0.05 1184.72 1009.67 -11.5478
0.051 1184.41 1009.86 -11.5478
0.052 1184.1 1010.05 -11.5478
0.053 1183.79 1010.23 -11.5478
0.054 1183.48 1010.42 -11.5478
0.055 1183.17 1010.6 -11.5478
0.056 1182.85 1010.79 -11.5478
0.057 1182.54 1010.97 -11.5478
0.058 1182.23 1011.16 -11.5478
0.059 1181.92 1011.34 -11.5478
0.06 1181.61 1011.53 -11.5478
0.061 1181.29 1011.71 -11.5478
0.062 1180.98 1011.89 -11.5478
0.063 1180.67 1012.08 -11.5478
0.064 1180.35 1012.26 -11.5478
0.065 1180.04 1012.44 -11.5478
0.066 1179.73 1012.62 -11.5478
0.067 1179.41 1012.81 -11.5478
0.068 1179.1 1012.99 -11.5478
0.069 1178.78 1013.17 -11.5478
0.07 1178.47 1013.35 -11.5478
0.071 1178.16 1013.53 -11.5478
0.072 1177.84 1013.71 -11.5478
0.073 1177.53 1013.89 -11.5478
0.074 1177.21 1014.07 -11.5478
0.075 1176.9 1014.25 -11.5478
0.076 1176.58 1014.43 -11.5478
0.077 1176.26 1014.61 -11.5478
0.078 1175.95 1014.79 -11.5478
0.079 1175.63 1014.97 -11.5478
0.08 1175.32 1015.15 -11.5478
0.081 1175 1015.32 -11.5478
0.082 1174.68 1015.5 -11.5478
0.083 1174.37 1015.68 -11.5478
0.084 1174.05 1015.86 -11.5478
0.085 1173.73 1016.03 -11.5478
0.086 1173.42 1016.21 -11.5478
0.087 1173.1 1016.39 -11.5478
0.088 1172.78 1016.56 -11.5478
0.089 1172.46 1016.74 -11.5478
0.09 1172.15 1016.91 -11.5478
0.091 1171.83 1017.09 -11.5478
0.092 1171.51 1017.26 -11.5478
0.093 1171.19 1017.44 -11.5478
0.094 1170.87 1017.61 -11.5478
0.095 1170.55 1017.78 -11.5478
0.096 1170.23 1017.96 -11.5478
0.097 1169.92 1018.13 -11.5478
0.098 1169.6 1018.3 -11.5478
0.099 1169.28 1018.48 -11.5478
0.1 1168.96 1018.65 -11.5478
0.101 1168.64 1018.82 -11.5478
0.102 1168.32 1018.99 -11.5478
0.103 1168 1019.17 -11.5478
0.104 1167.68 1019.34 -11.5478
0.105 1167.36 1019.51 -11.5478
0.106 1167.04 1019.68 -11.5478
0.107 1166.72 1019.85 -11.5478
0.108 1166.39 1020.02 -11.5478
0.109 1166.07 1020.19 -11.5478
0.11 1165.75 1020.36 -11.5478
0.111 1165.43 1020.53 -11.5478
0.112 1165.11 1020.7 -11.5478
0.113 1164.79 1020.86 -11.5478
0.114 1164.47 1021.03 -11.5478
0.115 1164.14 1021.2 -11.5478
0.116 1163.82 1021.37 -11.5478
0.117 1163.5 1021.53 -11.5478
0.118 1163.18 1021.7 -11.5478
0.119 1162.85 1021.87 -11.5478
0.12 1162.53 1022.04 -11.5478
0.121 1162.21 1022.2 -11.5478
0.122 1161.89 1022.37 -11.5478
0.123 1161.56 1022.53 -11.5478
0.124 1161.24 1022.7 -11.5478
0.125 1160.92 1022.86 -11.5478
0.126 1160.59 1023.03 -11.5478
0.127 1160.27 1023.19 -11.5478
0.128 1159.94 1023.36 -11.5478
0.129 1159.62 1023.52 -11.5478
0.13 1159.3 1023.68 -11.5478
0.131 1158.97 1023.85 -11.5478
0.132 1158.65 1024.01 -11.5478
0.133 1158.32 1024.17 -11.5478
0.134 1158 1024.33 -11.5478
0.135 1157.67 1024.49 -11.5478
0.136 1157.35 1024.66 -11.5478
0.137 1157.02 1024.82 -11.5478
0.138 1156.7 1024.98 -11.5478
0.139 1156.37 1025.14 -11.5478
0.14 1156.05 1025.3 -11.5478
0.141 1155.72 1025.46 -11.5478
0.142 1155.39 1025.62 -11.5478
0.143 1155.07 1025.78 -11.5478
0.144 1154.74 1025.94 -11.5478
0.145 1154.42 1026.1 -11.5478
0.146 1154.09 1026.25 -11.5478
0.147 1153.76 1026.41 -11.5478
0.148 1153.44 1026.57 -11.5478
0.149 1153.11 1026.73 -11.5478
0.15 1152.78 1026.89 -11.5478
0.151 1152.45 1027.04 -11.5478
0.152 1152.13 1027.2 -11.5478
0.153 1151.8 1027.36 -11.5478
0.154 1151.47 1027.51 -11.5478
0.155 1151.14 1027.67 -11.5478
0.156 1150.82 1027.82 -11.5478
0.157 1150.49 1027.98 -11.5478
0.158 1150.16 1028.13 -11.5478
0.159 1149.83 1028.29 -11.5478
0.16 1149.5 1028.44 -11.5478
0.161 1149.18 1028.59 -11.5478
0.162 1148.85 1028.75 -11.5478
0.163 1148.52 1028.9 -11.5478
0.164 1148.19 1029.05 -11.5478
0.165 1147.86 1029.21 -11.5478
0.166 1147.53 1029.36 -11.5478
0.167 1147.2 1029.51 -11.5478
0.168 1146.87 1029.66 -11.5478
0.169 1146.54 1029.81 -11.5478
0.17 1146.21 1029.96 -11.5478
0.171 1145.88 1030.11 -11.5478
0.172 1145.55 1030.26 -11.5478
0.173 1145.22 1030.41 -11.5478
0.174 1144.89 1030.56 -11.5478
0.175 1144.56 1030.71 -11.5478
0.176 1144.23 1030.86 -11.5478
0.177 1143.9 1031.01 -11.5478
0.178 1143.57 1031.16 -11.5478
0.179 1143.24 1031.31 -11.5478
0.18 1142.91 1031.46 -11.5478
0.181 1142.58 1031.6 -11.5478
0.182 1142.25 1031.75 -11.5478
0.183 1141.92 1031.9 -11.5478
0.184 1141.59 1032.04 -11.5478
0.185 1141.26 1032.19 -11.5478
0.186 1140.92 1032.33 -11.5478
0.187 1140.59 1032.48 -11.5478
0.188 1140.26 1032.63 -11.5478
0.189 1139.93 1032.77 -11.5478
0.19 1139.6 1032.91 -11.5478
0.191 1139.27 1033.06 -11.5478
0.192 1138.93 1033.2 -11.5478
0.193 1138.6 1033.35 -11.5478
0.194 1138.27 1033.49 -11.5478
0.195 1137.94 1033.63 -11.5478
0.196 1137.6 1033.78 -11.5478
0.197 1137.27 1033.92 -11.5478
0.198 1136.94 1034.06 -11.5478
0.199 1136.61 1034.2 -11.5478
0.2 1136.27 1034.34 -11.5478
0.201 1135.94 1034.48 -11.5478
0.202 1135.61 1034.62 -11.5478
0.203 1135.27 1034.76 -11.5478
0.204 1134.94 1034.9 -11.5478
0.205 1134.61 1035.04 -11.5478
0.206 1134.27 1035.18 -11.5478
0.207 1133.94 1035.32 -11.5478
0.208 1133.61 1035.46 -11.5478
0.209 1133.27 1035.6 -11.5478
0.21 1132.94 1035.74 -11.5478
0.211 1132.6 1035.87 -11.5478
0.212 1132.27 1036.01 -11.5478
0.213 1131.94 1036.15 -11.5478
0.214 1131.6 1036.29 -11.5478
0.215 1131.27 1036.42 -11.5478
0.216 1130.93 1036.56 -11.5478
0.217 1130.6 1036.69 -11.5478
0.218 1130.26 1036.83 -11.5478
0.219 1129.93 1036.96 -11.5478
0.22 1129.59 1037.1 -11.5478
0.221 1129.26 1037.23 -11.5478
0.222 1128.92 1037.37 -11.5478
0.223 1128.59 1037.5 -11.5478
0.224 1128.25 1037.63 -11.5478
0.225 1127.92 1037.77 -11.5478
0.226 1127.58 1037.9 -11.5478
0.227 1127.25 1038.03 -11.5478
0.228 1126.91 1038.17 -11.5478
0.229 1126.58 1038.3 -11.5478
0.23 1126.24 1038.43 -11.5478
0.231 1125.9 1038.56 -11.5478
0.232 1125.57 1038.69 -11.5478
0.233 1125.23 1038.82 -11.5478
0.234 1124.9 1038.95 -11.5478
0.235 1124.56 1039.08 -11.5478
0.236 1124.22 1039.21 -11.5478
0.237 1123.89 1039.34 -11.5478
0.238 1123.55 1039.47 -11.5478
0.239 1123.21 1039.6 -11.5478
0.24 1122.88 1039.72 -11.5478
0.241 1122.54 1039.85 -11.5478
0.242 1122.2 1039.98 -11.5478
0.243 1121.87 1040.11 -11.5478
0.244 1121.53 1040.23 -11.5478
0.245 1121.19 1040.36 -11.5478
0.246 1120.86 1040.49 -11.5478
0.247 1120.52 1040.61 -11.5478
0.248 1120.18 1040.74 -11.5478
0.249 1119.84 1040.86 -11.5478
0.25 1119.51 1040.99 -11.5478
0.251 1119.17 1041.11 -11.5478
0.252 1118.83 1041.24 -11.5478
0.253 1118.5 1041.36 -11.5478
0.254 1118.16 1041.48 -11.5478
0.255 1117.82 1041.61 -11.5478
0.256 1117.48 1041.73 -11.5478
0.257 1117.14 1041.85 -11.5478
0.258 1116.81 1041.97 -11.5478
0.259 1116.47 1042.09 -11.5478
0.26 1116.13 1042.22 -11.5478
0.261 1115.79 1042.34 -11.5478
0.262 1115.45 1042.46 -11.5478
0.263 1115.12 1042.58 -11.5478
0.264 1114.78 1042.7 -11.5478
0.265 1114.44 1042.82 -11.5478
0.266 1114.1 1042.94 -11.5478
0.267 1113.76 1043.06 -11.5478
0.268 1113.42 1043.17 -11.5478
0.269 1113.09 1043.29 -11.5478
0.27 1112.75 1043.41 -11.5478
0.271 1112.41 1043.53 -11.5478
0.272 1112.07 1043.65 -11.5478
0.273 1111.73 1043.76 -11.5478
0.274 1111.39 1043.88 -11.5478
0.275 1111.05 1044 -11.5478
0.276 1110.71 1044.11 -11.5478
0.277 1110.37 1044.23 -11.5478
0.278 1110.03 1044.34 -11.5478
0.279 1109.7 1044.46 -11.5478
0.28 1109.36 1044.57 -11.5478
0.281 1109.02 1044.69 -11.5478
0.282 1108.68 1044.8 -11.5478
0.283 1108.34 1044.91 -11.5478
0.284 1108 1045.03 -11.5478
0.285 1107.66 1045.14 -11.5478
0.286 1107.32 1045.25 -11.5478
0.287 1106.98 1045.36 -11.5478
0.288 1106.64 1045.48 -11.5478
0.289 1106.3 1045.59 -11.5478
0.29 1105.96 1045.7 -11.5478
0.291 1105.62 1045.81 -11.5478
0.292 1105.28 1045.92 -11.5478
0.293 1104.94 1046.03 -11.5478
0.294 1104.6 1046.14 -11.5478
0.295 1104.26 1046.25 -11.5478
0.296 1103.92 1046.36 -11.5478
0.297 1103.58 1046.47 -11.5478
0.298 1103.24 1046.58 -11.5478
0.299 1102.9 1046.68 -11.5478
0.3 1102.56 1046.79 -11.5478
0.301 1102.22 1046.9 -11.5478
0.302 1101.88 1047.01 -11.5478
0.303 1101.54 1047.11 -11.5478
0.304 1101.2 1047.22 -11.5478
0.305 1100.86 1047.32 -11.5478
0.306 1100.52 1047.43 -11.5478
0.307 1100.18 1047.54 -11.5478
0.308 1099.84 1047.64 -11.5478
0.309 1099.5 1047.75 -11.5478
0.31 1099.16 1047.85 -11.5478
0.311 1098.82 1047.95 -11.5478
0.312 1098.47 1048.06 -11.5478
0.313 1098.13 1048.16 -11.5478
0.314 1097.79 1048.26 -11.5478
0.315 1097.45 1048.37 -11.5478
0.316 1097.11 1048.47 -11.5478
0.317 1096.77 1048.57 -11.5478
0.318 1096.43 1048.67 -11.5478
0.319 1096.09 1048.77 -11.5478
0.32 1095.75 1048.87 -11.5478
0.321 1095.41 1048.97 -11.5478
0.322 1095.07 1049.07 -11.5478
0.323 1094.72 1049.17 -11.5478
0.324 1094.38 1049.27 -11.5478
0.325 1094.04 1049.37 -11.5478
0.326 1093.7 1049.47 -11.5478
0.327 1093.36 1049.57 -11.5478
0.328 1093.02 1049.67 -11.5478
0.329 1092.68 1049.76 -11.5478
0.33 1092.34 1049.86 -11.5478
0.331 1092 1049.96 -11.5478
0.332 1091.65 1050.05 -11.5478
0.333 1091.31 1050.15 -11.5478
0.334 1090.97 1050.25 -11.5478
0.335 1090.63 1050.34 -11.5478
0.336 1090.29 1050.44 -11.5478
0.337 1089.95 1050.53 -11.5478
0.338 1089.61 1050.63 -11.5478
0.339 1089.26 1050.72 -11.5478
0.34 1088.92 1050.81 -11.5478
0.341 1088.58 1050.91 -11.5478
0.342 1088.24 1051 -11.5478
0.343 1087.9 1051.09 -11.5478
0.344 1087.56 1051.19 -11.5478
0.345 1087.21 1051.28 -11.5478
0.346 1086.87 1051.37 -11.5478
0.347 1086.53 1051.46 -11.5478
0.348 1086.19 1051.55 -11.5478
0.349 1085.85 1051.64 -11.5478
0.35 1085.51 1051.73 -11.5478
0.351 1085.16 1051.82 -11.5478
0.352 1084.82 1051.91 -11.5478
0.353 1084.48 1052 -11.5478
0.354 1084.14 1052.09 -11.5478
0.355 1083.8 1052.18 -11.5478
0.356 1083.46 1052.27 -11.5478
0.357 1083.11 1052.36 -11.5478
0.358 1082.77 1052.44 -11.5478
0.359 1082.43 1052.53 -11.5478
0.36 1082.09 1052.62 -11.5478
0.361 1081.75 1052.7 -11.5478
0.362 1081.41 1052.79 -11.5478
0.363 1081.06 1052.88 -11.5478
0.364 1080.72 1052.96 -11.5478
0.365 1080.38 1053.05 -11.5478
0.366 1080.04 1053.13 -11.5478
0.367 1079.7 1053.21 -11.5478
0.368 1079.35 1053.3 -11.5478
0.369 1079.01 1053.38 -11.5478
0.37 1078.67 1053.47 -11.5478
0.371 1078.33 1053.55 -11.5478
0.372 1077.99 1053.63 -11.5478
0.373 1077.64 1053.71 -11.5478
0.374 1077.3 1053.79 -11.5478
0.375 1076.96 1053.88 -11.5478
0.376 1076.62 1053.96 -11.5478
0.377 1076.28 1054.04 -11.5478
0.378 1075.94 1054.12 -11.5478
0.379 1075.59 1054.2 -11.5478
0.38 1075.25 1054.28 -11.5478
0.381 1074.91 1054.36 -11.5478
0.382 1074.57 1054.44 -11.5478
0.383 1074.23 1054.51 -11.5478
0.384 1073.88 1054.59 -11.5478
0.385 1073.54 1054.67 -11.5478
0.386 1073.2 1054.75 -11.5478
0.387 1072.86 1054.83 -11.5478
0.388 1072.52 1054.9 -11.5478
0.389 1072.17 1054.98 -11.5478
0.39 1071.83 1055.06 -11.5478
0.391 1071.49 1055.13 -11.5478
0.392 1071.15 1055.21 -11.5478
0.393 1070.81 1055.28 -11.5478
0.394 1070.47 1055.36 -11.5478
0.395 1070.12 1055.43 -11.5478
0.396 1069.78 1055.5 -11.5478
0.397 1069.44 1055.58 -11.5478
0.398 1069.1 1055.65 -11.5478
0.399 1068.76 1055.72 -11.5478
0.4 1068.42 1055.8 -11.5478
0.401 1068.07 1055.87 -11.5478
0.402 1067.73 1055.94 -11.5478
0.403 1067.39 1056.01 -11.5478
0.404 1067.05 1056.08 -11.5478
0.405 1066.71 1056.15 -11.5478
0.406 1066.37 1056.23 -11.5478
0.407 1066.02 1056.3 -11.5478
0.408 1065.68 1056.37 -11.5478
0.409 1065.34 1056.43 -11.5478
0.41 1065 1056.5 -11.5478
0.411 1064.66 1056.57 -11.5478
0.412 1064.32 1056.64 -11.5478
0.413 1063.97 1056.71 -11.5478
0.414 1063.63 1056.78 -11.5478
0.415 1063.29 1056.84 -11.5478
0.416 1062.95 1056.91 -11.5478
0.417 1062.61 1056.98 -11.5478
0.418 1062.27 1057.04 -11.5478
0.419 1061.93 1057.11 -11.5478
0.42 1061.58 1057.17 -11.5478
0.421 1061.24 1057.24 -11.5478
0.422 1060.9 1057.3 -11.5478
0.423 1060.56 1057.37 -11.5478
0.424 1060.22 1057.43 -11.5478
0.425 1059.88 1057.5 -11.5478
0.426 1059.54 1057.56 -11.5478
0.427 1059.2 1057.62 -11.5478
0.428 1058.85 1057.69 -11.5478
0.429 1058.51 1057.75 -11.5478
0.43 1058.17 1057.81 -11.5478
0.431 1057.83 1057.87 -11.5478
0.432 1057.49 1057.93 -11.5478
0.433 1057.15 1057.99 -11.5478
0.434 1056.81 1058.05 -11.5478
0.435 1056.47 1058.11 -11.5478
0.436 1056.13 1058.17 -11.5478
0.437 1055.78 1058.23 -11.5478
0.438 1055.44 1058.29 -11.5478
0.439 1055.1 1058.35 -11.5478
0.44 1054.76 1058.41 -11.5478
0.441 1054.42 1058.47 -11.5478
0.442 1054.08 1058.52 -11.5478
0.443 1053.74 1058.58 -11.5478
0.444 1053.4 1058.64 -11.5478
0.445 1053.06 1058.69 -11.5478
0.446 1052.72 1058.75 -11.5478
0.447 1052.38 1058.81 -11.5478
0.448 1052.04 1058.86 -11.5478
0.449 1051.7 1058.92 -11.5478
0.45 1051.36 1058.97 -11.5478
0.451 1051.02 1059.03 -11.5478
0.452 1050.68 1059.08 -11.5478
0.453 1050.33 1059.13 -11.5478
0.454 1049.99 1059.19 -11.5478
0.455 1049.65 1059.24 -11.5478
0.456 1049.31 1059.29 -11.5478
0.457 1048.97 1059.35 -11.5478
0.458 1048.63 1059.4 -11.5478
0.459 1048.29 1059.45 -11.5478
0.46 1047.95 1059.5 -11.5478
0.461 1047.61 1059.55 -11.5478
0.462 1047.27 1059.6 -11.5478
0.463 1046.93 1059.65 -11.5478
0.464 1046.59 1059.7 -11.5478
0.465 1046.25 1059.75 -11.5478
0.466 1045.91 1059.8 -11.5478
0.467 1045.57 1059.85 -11.5478
0.468 1045.23 1059.9 -11.5478
0.469 1044.9 1059.94 -11.5478
0.47 1044.56 1059.99 -11.5478
0.471 1044.22 1060.04 -11.5478
0.472 1043.88 1060.09 -11.5478
0.473 1043.54 1060.13 -11.5478
0.474 1043.2 1060.18 -11.5478
0.475 1042.86 1060.22 -11.5478
0.476 1042.52 1060.27 -11.5478
0.477 1042.18 1060.31 -11.5478
0.478 1041.84 1060.36 -11.5478
0.479 1041.5 1060.4 -11.5478
0.48 1041.16 1060.45 -11.5478
0.481 1040.82 1060.49 -11.5478
0.482 1040.48 1060.53 -11.5478
0.483 1040.15 1060.58 -11.5478
0.484 1039.81 1060.62 -11.5478
0.485 1039.47 1060.66 -11.5478
0.486 1039.13 1060.7 -11.5478
0.487 1038.79 1060.75 -11.5478
0.488 1038.45 1060.79 -11.5478
0.489 1038.11 1060.83 -11.5478
0.49 1037.77 1060.87 -11.5478
0.491 1037.44 1060.91 -11.5478
0.492 1037.1 1060.95 -11.5478
0.493 1036.76 1060.99 -11.5478
0.494 1036.42 1061.03 -11.5478
0.495 1036.08 1061.07 -11.5478
0.496 1035.75 1061.1 -11.5478
0.497 1035.41 1061.14 -11.5478
0.498 1035.07 1061.18 -11.5478
0.499 1034.73 1061.22 -11.5478
0.5 1034.39 1061.25 -11.5478
0.501 1034.06 1061.29 -11.5478
0.502 1033.72 1061.33 -11.5478
0.503 1033.38 1061.36 -11.5478
0.504 1033.04 1061.4 -11.5478
0.505 1032.7 1061.43 -11.5478
0.506 1032.37 1061.47 -11.5478
0.507 1032.03 1061.5 -11.5478
0.508 1031.69 1061.54 -11.5478
0.509 1031.35 1061.57 -11.5478
0.51 1031.02 1061.6 -11.5478
0.511 1030.68 1061.63 -11.5478
0.512 1030.34 1061.67 -11.5478
0.513 1030.01 1061.7 -11.5478
0.514 1029.67 1061.73 -11.5478
0.515 1029.33 1061.76 -11.5478
0.516 1029 1061.79 -11.5478
0.517 1028.66 1061.82 -11.5478
0.518 1028.32 1061.86 -11.5478
0.519 1027.99 1061.89 -11.5478
0.52 1027.65 1061.92 -11.5478
0.521 1027.31 1061.94 -11.5478
0.522 1026.98 1061.97 -11.5478
0.523 1026.64 1062 -11.5478
0.524 1026.3 1062.03 -11.5478
0.525 1025.97 1062.06 -11.5478
0.526 1025.63 1062.09 -11.5478
0.527 1025.3 1062.11 -11.5478
0.528 1024.96 1062.14 -11.5478
0.529 1024.62 1062.17 -11.5478
0.53 1024.29 1062.19 -11.5478
0.531 1023.95 1062.22 -11.5478
0.532 1023.62 1062.24 -11.5478
0.533 1023.28 1062.27 -11.5478
0.534 1022.94 1062.29 -11.5478
0.535 1022.61 1062.32 -11.5478
0.536 1022.27 1062.34 -11.5478
0.537 1021.94 1062.37 -11.5478
0.538 1021.6 1062.39 -11.5478
0.539 1021.27 1062.41 -11.5478
0.54 1020.93 1062.43 -11.5478
0.541 1020.6 1062.46 -11.5478
0.542 1020.26 1062.48 -11.5478
0.543 1019.93 1062.5 -11.5478
0.544 1019.59 1062.52 -11.5478
0.545 1019.26 1062.54 -11.5478
0.546 1018.93 1062.56 -11.5478
0.547 1018.59 1062.58 -11.5478
0.548 1018.26 1062.6 -11.5478
0.549 1017.92 1062.62 -11.5478
0.55 1017.59 1062.64 -11.5478
0.551 1017.25 1062.66 -11.5478
0.552 1016.92 1062.68 -11.5478
0.553 1016.59 1062.7 -11.5478
0.554 1016.25 1062.71 -11.5478
0.555 1015.92 1062.73 -11.5478
0.556 1015.58 1062.75 -11.5478
0.557 1015.25 1062.76 -11.5478
0.558 1014.92 1062.78 -11.5478
0.559 1014.58 1062.8 -11.5478
0.56 1014.25 1062.81 -11.5478
0.561 1013.92 1062.83 -11.5478
0.562 1013.58 1062.84 -11.5478
0.563 1013.25 1062.86 -11.5478
0.564 1012.92 1062.87 -11.5478
0.565 1012.59 1062.88 -11.5478
0.566 1012.25 1062.9 -11.5478
0.567 1011.92 1062.91 -11.5478
0.568 1011.59 1062.92 -11.5478
0.569 1011.26 1062.94 -11.5478
0.57 1010.92 1062.95 -11.5478
0.571 1010.59 1062.96 -11.5478
0.572 1010.26 1062.97 -11.5478
0.573 1009.93 1062.98 -11.5478
0.574 1009.59 1062.99 -11.5478
0.575 1009.26 1063 -11.5478
0.576 1008.93 1063.01 -11.5478
0.577 1008.6 1063.02 -11.5478
0.578 1008.27 1063.03 -11.5478
0.579 1007.94 1063.04 -11.5478
0.58 1007.6 1063.05 -11.5478
0.581 1007.27 1063.06 -11.5478
0.582 1006.94 1063.06 -11.5478
0.583 1006.61 1063.07 -11.5478
0.584 1006.28 1063.08 -11.5478
0.585 1005.95 1063.08 -11.5478
0.586 1005.62 1063.09 -11.5478
0.587 1005.29 1063.1 -11.5478
0.588 1004.96 1063.1 -11.5478
0.589 1004.63 1063.11 -11.5478
0.59 1004.3 1063.11 -11.5478
0.591 1003.97 1063.12 -11.5478
0.592 1003.64 1063.12 -11.5478
0.593 1003.3 1063.13 -11.5478
0.594 1002.97 1063.13 -11.5478
0.595 1002.65 1063.13 -11.5478
0.596 1002.32 1063.13 -11.5478
0.597 1001.99 1063.14 -11.5478
0.598 1001.66 1063.14 -11.5478
0.599 1001.33 1063.14 -11.5478
0.6 1001 1063.14 -11.5478
0.601 1000.67 1063.14 -11.5478
0.602 1000.34 1063.14 -11.5478
0.603 1000.01 1063.14 -11.5478
0.604 999.681 1063.14 -11.5478
0.605 999.352 1063.14 -11.5478
0.606 999.023 1063.14 -11.5478
0.607 998.695 1063.14 -11.5478
0.608 998.366 1063.14 -11.5478
0.609 998.038 1063.14 -11.5478
0.61 997.709 1063.14 -11.5478
0.611 997.381 1063.14 -11.5478
0.612 997.053 1063.13 -11.5478
0.613 996.725 1063.13 -11.5478
0.614 996.397 1063.13 -11.5478
0.615 996.07 1063.12 -11.5478
0.616 995.742 1063.12 -11.5478
0.617 995.415 1063.11 -11.5478
0.618 995.087 1063.11 -11.5478
0.619 994.76 1063.1 -11.5478
0.62 994.433 1063.1 -11.5478
0.621 994.106 1063.09 -11.5478
0.622 993.779 1063.09 -11.5478
0.623 993.452 1063.08 -11.5478
0.624 993.125 1063.07 -11.5478
0.625 992.799 1063.06 -11.5478
0.626 992.472 1063.06 -11.5478
0.627 992.146 1063.05 -11.5478
0.628 991.82 1063.04 -11.5478
0.629 991.494 1063.03 -11.5478
0.63 991.168 1063.02 -11.5478
0.631 990.842 1063.01 -11.5478
0.632 990.516 1063 -11.5478
0.633 990.191 1062.99 -11.5478
0.634 989.865 1062.98 -11.5478
0.635 989.54 1062.97 -11.5478
0.636 989.214 1062.96 -11.5478
0.637 988.889 1062.95 -11.5478
0.638 988.564 1062.94 -11.5478
0.639 988.239 1062.93 -11.5478
0.64 987.915 1062.91 -11.5478
0.641 987.59 1062.9 -11.5478
0.642 987.265 1062.89 -11.5478
0.643 986.941 1062.87 -11.5478
0.644 986.617 1062.86 -11.5478
0.645 986.293 1062.85 -11.5478
0.646 985.968 1062.83 -11.5478
0.647 985.645 1062.82 -11.5478
0.648 985.321 1062.8 -11.5478
0.649 984.997 1062.79 -11.5478
0.65 984.674 1062.77 -11.5478
0.651 984.35 1062.75 -11.5478
0.652 984.027 1062.74 -11.5478
0.653 983.704 1062.72 -11.5478
0.654 983.381 1062.7 -11.5478
0.655 983.058 1062.68 -11.5478
0.656 982.735 1062.67 -11.5478
0.657 982.412 1062.65 -11.5478
0.658 982.09 1062.63 -11.5478
0.659 981.768 1062.61 -11.5478
0.66 981.445 1062.59 -11.5478
0.661 981.123 1062.57 -11.5478
0.662 980.801 1062.55 -11.5478
0.663 980.479 1062.53 -11.5478
0.664 980.158 1062.51 -11.5478
0.665 979.836 1062.49 -11.5478
0.666 979.514 1062.47 -11.5478
0.667 979.193 1062.45 -11.5478
0.668 978.872 1062.42 -11.5478
0.669 978.551 1062.4 -11.5478
0.67 978.23 1062.38 -11.5478
0.671 977.909 1062.36 -11.5478
0.672 977.588 1062.33 -11.5478
0.673 977.268 1062.31 -11.5478
0.674 976.948 1062.28 -11.5478
0.675 976.627 1062.26 -11.5478
0.676 976.307 1062.23 -11.5478
0.677 975.987 1062.21 -11.5478
0.678 975.667 1062.18 -11.5478
0.679 975.348 1062.16 -11.5478
0.68 975.028 1062.13 -11.5478
0.681 974.709 1062.11 -11.5478
0.682 974.389 1062.08 -11.5478
0.683 974.07 1062.05 -11.5478
0.684 973.751 1062.02 -11.5478
0.685 973.432 1062 -11.5478
0.686 973.113 1061.97 -11.5478
0.687 972.795 1061.94 -11.5478
0.688 972.476 1061.91 -11.5478
0.689 972.158 1061.88 -11.5478
0.69 971.84 1061.85 -11.5478
0.691 971.522 1061.82 -11.5478
0.692 971.204 1061.79 -11.5478
0.693 970.886 1061.76 -11.5478
0.694 970.568 1061.73 -11.5478
0.695 970.251 1061.7 -11.5478
0.696 969.933 1061.67 -11.5478
0.697 969.616 1061.64 -11.5478
0.698 969.299 1061.6 -11.5478
0.699 968.982 1061.57 -11.5478
0.7 968.665 1061.54 -11.5478
0.701 968.349 1061.5 -11.5478
0.702 968.032 1061.47 -11.5478
0.703 967.716 1061.44 -11.5478
0.704 967.4 1061.4 -11.5478
0.705 967.084 1061.37 -11.5478
0.706 966.768 1061.33 -11.5478
0.707 966.452 1061.3 -11.5478
0.708 966.136 1061.26 -11.5478
0.709 965.821 1061.23 -11.5478
0.71 965.506 1061.19 -11.5478
0.711 965.19 1061.15 -11.5478
0.712 964.875 1061.12 -11.5478
0.713 964.561 1061.08 -11.5478
0.714 964.246 1061.04 -11.5478
0.715 963.931 1061 -11.5478
0.716 963.617 1060.96 -11.5478
0.717 963.302 1060.93 -11.5478
0.718 962.988 1060.89 -11.5478
0.719 962.674 1060.85 -11.5478
0.72 962.36 1060.81 -11.5478
0.721 962.047 1060.77 -11.5478
0.722 961.733 1060.73 -11.5478
0.723 961.42 1060.69 -11.5478
0.724 961.107 1060.65 -11.5478
0.725 960.794 1060.61 -11.5478
0.726 960.481 1060.56 -11.5478
0.727 960.168 1060.52 -11.5478
0.728 959.855 1060.48 -11.5478
0.729 959.543 1060.44 -11.5478
0.73 959.23 1060.39 -11.5478
0.731 958.918 1060.35 -11.5478
0.732 958.606 1060.31 -11.5478
0.733 958.294 1060.26 -11.5478
0.734 957.983 1060.22 -11.5478
0.735 957.671 1060.17 -11.5478
0.736 957.36 1060.13 -11.5478
0.737 957.048 1060.08 -11.5478
0.738 956.737 1060.04 -11.5478
0.739 956.426 1059.99 -11.5478
0.74 956.116 1059.95 -11.5478
0.741 955.805 1059.9 -11.5478
0.742 955.495 1059.85 -11.5478
0.743 955.184 1059.81 -11.5478
0.744 954.874 1059.76 -11.5478
0.745 954.564 1059.71 -11.5478
0.746 954.254 1059.66 -11.5478
0.747 953.945 1059.61 -11.5478
0.748 953.635 1059.57 -11.5478
0.749 953.326 1059.52 -11.5478
0.75 953.017 1059.47 -11.5478
0.751 952.707 1059.42 -11.5478
0.752 952.399 1059.37 -11.5478
0.753 952.09 1059.32 -11.5478
0.754 951.781 1059.27 -11.5478
0.755 951.473 1059.22 -11.5478
0.756 951.165 1059.16 -11.5478
0.757 950.857 1059.11 -11.5478
0.758 950.549 1059.06 -11.5478
0.759 950.241 1059.01 -11.5478
0.76 949.933 1058.96 -11.5478
0.761 949.626 1058.9 -11.5478
0.762 949.319 1058.85 -11.5478
0.763 949.012 1058.8 -11.5478
0.764 948.705 1058.74 -11.5478
0.765 948.398 1058.69 -11.5478
0.766 948.091 1058.63 -11.5478
0.767 947.785 1058.58 -11.5478
0.768 947.479 1058.52 -11.5478
0.769 947.172 1058.47 -11.5478
0.77 946.867 1058.41 -11.5478
0.771 946.561 1058.35 -11.5478
0.772 946.255 1058.3 -11.5478
0.773 945.95 1058.24 -11.5478
0.774 945.644 1058.18 -11.5478
0.775 945.339 1058.13 -11.5478
0.776 945.034 1058.07 -11.5478
0.777 944.73 1058.01 -11.5478
0.778 944.425 1057.95 -11.5478
0.779 944.12 1057.89 -11.5478
0.78 943.816 1057.83 -11.5478
0.781 943.512 1057.77 -11.5478
0.782 943.208 1057.71 -11.5478
0.783 942.904 1057.65 -11.5478
0.784 942.601 1057.59 -11.5478
0.785 942.297 1057.53 -11.5478
0.786 941.994 1057.47 -11.5478
0.787 941.691 1057.41 -11.5478
0.788 941.388 1057.35 -11.5478
0.789 941.085 1057.29 -11.5478
0.79 940.783 1057.22 -11.5478
0.791 940.48 1057.16 -11.5478
0.792 940.178 1057.1 -11.5478
0.793 939.876 1057.04 -11.5478
0.794 939.574 1056.97 -11.5478
0.795 939.272 1056.91 -11.5478
0.796 938.971 1056.84 -11.5478
0.797 938.669 1056.78 -11.5478
0.798 938.368 1056.72 -11.5478
0.799 938.067 1056.65 -11.5478
0.8 937.766 1056.58 -11.5478
0.801 937.465 1056.52 -11.5478
0.802 937.165 1056.45 -11.5478
0.803 936.865 1056.39 -11.5478
0.804 936.564 1056.32 -11.5478
0.805 936.264 1056.25 -11.5478
0.806 935.965 1056.19 -11.5478
0.807 935.665 1056.12 -11.5478
0.808 935.366 1056.05 -11.5478
0.809 935.066 1055.98 -11.5478
0.81 934.767 1055.91 -11.5478
0.811 934.468 1055.84 -11.5478
0.812 934.169 1055.78 -11.5478
0.813 933.871 1055.71 -11.5478
0.814 933.572 1055.64 -11.5478
0.815 933.274 1055.57 -11.5478
0.816 932.976 1055.5 -11.5478
0.817 932.678 1055.42 -11.5478
0.818 932.381 1055.35 -11.5478
0.819 932.083 1055.28 -11.5478
0.82 931.786 1055.21 -11.5478
0.821 931.488 1055.14 -11.5478
0.822 931.191 1055.07 -11.5478
0.823 930.895 1054.99 -11.5478
0.824 930.598 1054.92 -11.5478
0.825 930.302 1054.85 -11.5478
0.826 930.005 1054.77 -11.5478
0.827 929.709 1054.7 -11.5478
0.828 929.413 1054.63 -11.5478
0.829 929.118 1054.55 -11.5478
0.83 928.822 1054.48 -11.5478
0.831 928.527 1054.4 -11.5478
0.832 928.231 1054.33 -11.5478
0.833 927.936 1054.25 -11.5478
0.834 927.642 1054.17 -11.5478
0.835 927.347 1054.1 -11.5478
0.836 927.053 1054.02 -11.5478
0.837 926.758 1053.94 -11.5478
0.838 926.464 1053.87 -11.5478
0.839 926.17 1053.79 -11.5478
0.84 925.877 1053.71 -11.5478
0.841 925.583 1053.63 -11.5478
0.842 925.29 1053.56 -11.5478
0.843 924.996 1053.48 -11.5478
0.844 924.704 1053.4 -11.5478
0.845 924.411 1053.32 -11.5478
0.846 924.118 1053.24 -11.5478
0.847 923.826 1053.16 -11.5478
0.848 923.533 1053.08 -11.5478
0.849 923.241 1053 -11.5478
0.85 922.949 1052.92 -11.5478
0.851 922.658 1052.84 -11.5478
0.852 922.366 1052.76 -11.5478
0.853 922.075 1052.67 -11.5478
0.854 921.784 1052.59 -11.5478
0.855 921.493 1052.51 -11.5478
0.856 921.202 1052.43 -11.5478
0.857 920.911 1052.34 -11.5478
0.858 920.621 1052.26 -11.5478
0.859 920.331 1052.18 -11.5478
0.86 920.041 1052.09 -11.5478
0.861 919.751 1052.01 -11.5478
0.862 919.461 1051.92 -11.5478
0.863 919.172 1051.84 -11.5478
0.864 918.883 1051.75 -11.5478
0.865 918.594 1051.67 -11.5478
0.866 918.305 1051.58 -11.5478
0.867 918.016 1051.5 -11.5478
0.868 917.728 1051.41 -11.5478
0.869 917.439 1051.33 -11.5478
0.87 917.151 1051.24 -11.5478
0.871 916.863 1051.15 -11.5478
0.872 916.576 1051.06 -11.5478
0.873 916.288 1050.98 -11.5478
0.874 916.001 1050.89 -11.5478
0.875 915.713 1050.8 -11.5478
0.876 915.426 1050.71 -11.5478
0.877 915.14 1050.62 -11.5478
0.878 914.853 1050.53 -11.5478
0.879 914.567 1050.44 -11.5478
0.88 914.28 1050.35 -11.5478
0.881 913.994 1050.26 -11.5478
0.882 913.709 1050.17 -11.5478
0.883 913.423 1050.08 -11.5478
0.884 913.138 1049.99 -11.5478
0.885 912.852 1049.9 -11.5478
0.886 912.567 1049.81 -11.5478
0.887 912.282 1049.72 -11.5478
0.888 911.998 1049.63 -11.5478
0.889 911.713 1049.53 -11.5478
0.89 911.429 1049.44 -11.5478
0.891 911.145 1049.35 -11.5478
0.892 910.861 1049.25 -11.5478
0.893 910.577 1049.16 -11.5478
0.894 910.294 1049.07 -11.5478
0.895 910.011 1048.97 -11.5478
0.896 909.727 1048.88 -11.5478
0.897 909.445 1048.78 -11.5478
0.898 909.162 1048.69 -11.5478
0.899 908.879 1048.59 -11.5478
0.9 908.597 1048.5 -11.5478
0.901 908.315 1048.4 -11.5478
0.902 908.033 1048.31 -11.5478
0.903 907.751 1048.21 -11.5478
0.904 907.47 1048.11 -11.5478
0.905 907.188 1048.02 -11.5478
0.906 906.907 1047.92 -11.5478
0.907 906.626 1047.82 -11.5478
0.908 906.346 1047.72 -11.5478
0.909 906.065 1047.63 -11.5478
0.91 905.785 1047.53 -11.5478
0.911 905.505 1047.43 -11.5478
0.912 905.225 1047.33 -11.5478
0.913 904.945 1047.23 -11.5478
0.914 904.665 1047.13 -11.5478
0.915 904.386 1047.03 -11.5478
0.916 904.107 1046.93 -11.5478
0.917 903.828 1046.83 -11.5478
0.918 903.549 1046.73 -11.5478
0.919 903.271 1046.63 -11.5478
0.92 902.992 1046.53 -11.5478
0.921 902.714 1046.43 -11.5478
0.922 902.436 1046.32 -11.5478
0.923 902.158 1046.22 -11.5478
0.924 901.881 1046.12 -11.5478
0.925 901.603 1046.02 -11.5478
0.926 901.326 1045.91 -11.5478
0.927 901.049 1045.81 -11.5478
0.928 900.773 1045.71 -11.5478
0.929 900.496 1045.6 -11.5478
0.93 900.22 1045.5 -11.5478
0.931 899.944 1045.4 -11.5478
0.932 899.668 1045.29 -11.5478
0.933 899.392 1045.19 -11.5478
0.934 899.116 1045.08 -11.5478
0.935 898.841 1044.97 -11.5478
0.936 898.566 1044.87 -11.5478
0.937 898.291 1044.76 -11.5478
0.938 898.016 1044.66 -11.5478
0.939 897.742 1044.55 -11.5478
0.94 897.467 1044.44 -11.5478
0.941 897.193 1044.34 -11.5478
0.942 896.919 1044.23 -11.5478
0.943 896.646 1044.12 -11.5478
0.944 896.372 1044.01 -11.5478
0.945 896.099 1043.91 -11.5478
0.946 895.826 1043.8 -11.5478
0.947 895.553 1043.69 -11.5478
0.948 895.28 1043.58 -11.5478
0.949 895.008 1043.47 -11.5478
0.95 894.736 1043.36 -11.5478
0.951 894.464 1043.25 -11.5478
0.952 894.192 1043.14 -11.5478
0.953 893.92 1043.03 -11.5478
0.954 893.649 1042.92 -11.5478
0.955 893.377 1042.81 -11.5478
0.956 893.106 1042.7 -11.5478
0.957 892.836 1042.59 -11.5478
0.958 892.565 1042.47 -11.5478
0.959 892.295 1042.36 -11.5478
0.96 892.024 1042.25 -11.5478
0.961 891.754 1042.14 -11.5478
0.962 891.485 1042.02 -11.5478
0.963 891.215 1041.91 -11.5478
0.964 890.946 1041.8 -11.5478
0.965 890.676 1041.68 -11.5478
0.966 890.408 1041.57 -11.5478
0.967 890.139 1041.46 -11.5478
0.968 889.87 1041.34 -11.5478
0.969 889.602 1041.23 -11.5478
0.97 889.334 1041.11 -11.5478
0.971 889.066 1041 -11.5478
0.972 888.798 1040.88 -11.5478
0.973 888.531 1040.77 -11.5478
0.974 888.263 1040.65 -11.5478
0.975 887.996 1040.53 -11.5478
0.976 887.73 1040.42 -11.5478
0.977 887.463 1040.3 -11.5478
0.978 887.196 1040.18 -11.5478
0.979 886.93 1040.07 -11.5478
0.98 886.664 1039.95 -11.5478
0.981 886.398 1039.83 -11.5478
0.982 886.133 1039.71 -11.5478
0.983 885.867 1039.59 -11.5478
0.984 885.602 1039.48 -11.5478
0.985 885.337 1039.36 -11.5478
0.986 885.072 1039.24 -11.5478
0.987 884.808 1039.12 -11.5478
0.988 884.544 1039 -11.5478
0.989 884.279 1038.88 -11.5478
0.99 884.016 1038.76 -11.5478
0.991 883.752 1038.64 -11.5478
0.992 883.488 1038.52 -11.5478
0.993 883.225 1038.4 -11.5478
0.994 882.962 1038.27 -11.5478
0.995 882.699 1038.15 -11.5478
0.996 882.437 1038.03 -11.5478
0.997 882.174 1037.91 -11.5478
0.998 881.912 1037.79 -11.5478
0.999 881.65 1037.66 -11.5478
1 881.388 1037.54 -11.5478
1.001 881.127 1037.42 -11.5478
1.002 880.865 1037.3 -11.5478
1.003 880.604 1037.17 -11.5478
1.004 880.343 1037.05 -11.5478
1.005 880.082 1036.92 -11.5478
1.006 879.822 1036.8 -11.5478
1.007 879.562 1036.67 -11.5478
1.008 879.302 1036.55 -11.5478
1.009 879.042 1036.42 -11.5478
1.01 878.782 1036.3 -11.5478
1.011 878.523 1036.17 -11.5478
1.012 878.263 1036.05 -11.5478
1.013 878.004 1035.92 -11.5478
1.014 877.746 1035.8 -11.5478
1.015 877.487 1035.67 -11.5478
1.016 877.229 1035.54 -11.5478
1.017 876.971 1035.41 -11.5478
1.018 876.713 1035.29 -11.5478
1.019 876.455 1035.16 -11.5478
1.02 876.197 1035.03 -11.5478
1.021 875.94 1034.9 -11.5478
1.022 875.683 1034.78 -11.5478
1.023 875.426 1034.65 -11.5478
1.024 875.17 1034.52 -11.5478
1.025 874.913 1034.39 -11.5478
1.026 874.657 1034.26 -11.5478
1.027 874.401 1034.13 -11.5478
1.028 874.145 1034 -11.5478
1.029 873.89 1033.87 -11.5478
1.03 873.634 1033.74 -11.5478
1.031 873.379 1033.61 -11.5478
1.032 873.124 1033.48 -11.5478
1.033 872.87 1033.35 -11.5478
1.034 872.615 1033.22 -11.5478
1.035 872.361 1033.08 -11.5478
1.036 872.107 1032.95 -11.5478
1.037 871.853 1032.82 -11.5478
1.038 871.6 1032.69 -11.5478
1.039 871.346 1032.55 -11.5478
1.04 871.093 1032.42 -11.5478
1.041 870.84 1032.29 -11.5478
1.042 870.587 1032.16 -11.5478
1.043 870.335 1032.02 -11.5478
1.044 870.083 1031.89 -11.5478
1.045 869.831 1031.75 -11.5478
1.046 869.579 1031.62 -11.5478
1.047 869.327 1031.49 -11.5478
1.048 869.076 1031.35 -11.5478
1.049 868.825 1031.22 -11.5478
1.05 868.574 1031.08 -11.5478
1.051 868.323 1030.94 -11.5478
1.052 868.072 1030.81 -11.5478
1.053 867.822 1030.67 -11.5478
1.054 867.572 1030.54 -11.5478
1.055 867.322 1030.4 -11.5478
1.056 867.072 1030.26 -11.5478
1.057 866.823 1030.13 -11.5478
1.058 866.574 1029.99 -11.5478
1.059 866.325 1029.85 -11.5478
1.06 866.076 1029.71 -11.5478
1.061 865.828 1029.58 -11.5478
1.062 865.579 1029.44 -11.5478
1.063 865.331 1029.3 -11.5478
1.064 865.083 1029.16 -11.5478
1.065 864.836 1029.02 -11.5478
1.066 864.588 1028.88 -11.5478
1.067 864.341 1028.74 -11.5478
1.068 864.094 1028.6 -11.5478
1.069 863.847 1028.46 -11.5478
1.07 863.601 1028.32 -11.5478
1.071 863.354 1028.18 -11.5478
1.072 863.108 1028.04 -11.5478
1.073 862.862 1027.9 -11.5478
1.074 862.617 1027.76 -11.5478
1.075 862.371 1027.62 -11.5478
1.076 862.126 1027.48 -11.5478
1.077 861.881 1027.34 -11.5478
1.078 861.636 1027.2 -11.5478
1.079 861.392 1027.05 -11.5478
1.08 861.147 1026.91 -11.5478
1.081 860.903 1026.77 -11.5478
1.082 860.659 1026.63 -11.5478
1.083 860.416 1026.48 -11.5478
1.084 860.172 1026.34 -11.5478
1.085 859.929 1026.2 -11.5478
1.086 859.686 1026.05 -11.5478
1.087 859.443 1025.91 -11.5478
1.088 859.201 1025.76 -11.5478
1.089 858.959 1025.62 -11.5478
1.09 858.716 1025.47 -11.5478
1.091 858.475 1025.33 -11.5478
1.092 858.233 1025.18 -11.5478
1.093 857.991 1025.04 -11.5478
1.094 857.75 1024.89 -11.5478
1.095 857.509 1024.75 -11.5478
1.096 857.269 1024.6 -11.5478
1.097 857.028 1024.46 -11.5478
1.098 856.788 1024.31 -11.5478
1.099 856.548 1024.16 -11.5478
1.1 856.308 1024.02 -11.5478
1.101 856.068 1023.87 -11.5478
1.102 855.829 1023.72 -11.5478
1.103 855.59 1023.57 -11.5478
1.104 855.351 1023.43 -11.5478
1.105 855.112 1023.28 -11.5478
1.106 854.873 1023.13 -11.5478
1.107 854.635 1022.98 -11.5478
1.108 854.397 1022.83 -11.5478
1.109 854.159 1022.68 -11.5478
1.11 853.922 1022.53 -11.5478
1.111 853.684 1022.39 -11.5478
1.112 853.447 1022.24 -11.5478
1.113 853.21 1022.09 -11.5478
1.114 852.974 1021.94 -11.5478
1.115 852.737 1021.79 -11.5478
1.116 852.501 1021.63 -11.5478
1.117 852.265 1021.48 -11.5478
1.118 852.029 1021.33 -11.5478
1.119 851.793 1021.18 -11.5478
1.12 851.558 1021.03 -11.5478
1.121 851.323 1020.88 -11.5478
1.122 851.088 1020.73 -11.5478
1.123 850.853 1020.58 -11.5478
1.124 850.619 1020.42 -11.5478
1.125 850.385 1020.27 -11.5478
1.126 850.151 1020.12 -11.5478
1.127 849.917 1019.97 -11.5478
1.128 849.684 1019.81 -11.5478
1.129 849.45 1019.66 -11.5478
1.13 849.217 1019.51 -11.5478
1.131 848.984 1019.35 -11.5478
1.132 848.752 1019.2 -11.5478
1.133 848.519 1019.04 -11.5478
1.134 848.287 1018.89 -11.5478
1.135 848.055 1018.73 -11.5478
1.136 847.823 1018.58 -11.5478
1.137 847.592 1018.42 -11.5478
1.138 847.361 1018.27 -11.5478
1.139 847.13 1018.11 -11.5478
1.14 846.899 1017.96 -11.5478
1.141 846.668 1017.8 -11.5478
1.142 846.438 1017.65 -11.5478
1.143 846.208 1017.49 -11.5478
1.144 845.978 1017.33 -11.5478
1.145 845.748 1017.18 -11.5478
1.146 845.519 1017.02 -11.5478
1.147 845.29 1016.86 -11.5478
1.148 845.061 1016.71 -11.5478
1.149 844.832 1016.55 -11.5478
1.15 844.603 1016.39 -11.5478
1.151 844.375 1016.23 -11.5478
1.152 844.147 1016.07 -11.5478
1.153 843.919 1015.92 -11.5478
1.154 843.692 1015.76 -11.5478
1.155 843.464 1015.6 -11.5478
1.156 843.237 1015.44 -11.5478
1.157 843.01 1015.28 -11.5478
1.158 842.784 1015.12 -11.5478
1.159 842.557 1014.96 -11.5478
1.16 842.331 1014.8 -11.5478
1.161 842.105 1014.64 -11.5478
1.162 841.879 1014.48 -11.5478
1.163 841.654 1014.32 -11.5478
1.164 841.428 1014.16 -11.5478
1.165 841.203 1014 -11.5478
1.166 840.978 1013.84 -11.5478
1.167 840.754 1013.68 -11.5478
1.168 840.529 1013.52 -11.5478
1.169 840.305 1013.35 -11.5478
1.17 840.081 1013.19 -11.5478
1.171 839.858 1013.03 -11.5478
1.172 839.634 1012.87 -11.5478
1.173 839.411 1012.71 -11.5478
1.174 839.188 1012.54 -11.5478
1.175 838.965 1012.38 -11.5478
1.176 838.742 1012.22 -11.5478
1.177 838.52 1012.05 -11.5478
1.178 838.298 1011.89 -11.5478
1.179 838.076 1011.73 -11.5478
1.18 837.855 1011.56 -11.5478
1.181 837.633 1011.4 -11.5478
1.182 837.412 1011.24 -11.5478
1.183 837.191 1011.07 -11.5478
1.184 836.97 1010.91 -11.5478
1.185 836.75 1010.74 -11.5478
1.186 836.53 1010.58 -11.5478
1.187 836.31 1010.41 -11.5478
1.188 836.09 1010.25 -11.5478
1.189 835.87 1010.08 -11.5478
1.19 835.651 1009.91 -11.5478
1.191 835.432 1009.75 -11.5478
1.192 835.213 1009.58 -11.5478
1.193 834.994 1009.42 -11.5478
1.194 834.776 1009.25 -11.5478
1.195 834.558 1009.08 -11.5478
1.196 834.34 1008.92 -11.5478
1.197 834.122 1008.75 -11.5478
1.198 833.905 1008.58 -11.5478
1.199 833.687 1008.41 -11.5478
1.2 833.47 1008.25 -11.5478
1.201 833.254 1008.08 -11.5478
1.202 833.037 1007.91 -11.5478
1.203 832.821 1007.74 -11.5478
1.204 832.605 1007.57 -11.5478
1.205 832.389 1007.4 -11.5478
1.206 832.173 1007.24 -11.5478
1.207 831.958 1007.07 -11.5478
1.208 831.743 1006.9 -11.5478
1.209 831.528 1006.73 -11.5478
1.21 831.313 1006.56 -11.5478
1.211 831.098 1006.39 -11.5478
1.212 830.884 1006.22 -11.5478
1.213 830.67 1006.05 -11.5478
1.214 830.456 1005.88 -11.5478
1.215 830.243 1005.71 -11.5478
1.216 830.03 1005.54 -11.5478
1.217 829.817 1005.37 -11.5478
1.218 829.604 1005.19 -11.5478
1.219 829.391 1005.02 -11.5478
1.22 829.179 1004.85 -11.5478
1.221 828.967 1004.68 -11.5478
1.222 828.755 1004.51 -11.5478
1.223 828.543 1004.34 -11.5478
1.224 828.331 1004.16 -11.5478
1.225 828.12 1003.99 -11.5478
1.226 827.909 1003.82 -11.5478
1.227 827.699 1003.65 -11.5478
1.228 827.488 1003.47 -11.5478
1.229 827.278 1003.3 -11.5478
1.23 827.068 1003.13 -11.5478
1.231 826.858 1002.95 -11.5478
1.232 826.648 1002.78 -11.5478
1.233 826.439 1002.61 -11.5478
1.234 826.23 1002.43 -11.5478
1.235 826.021 1002.26 -11.5478
1.236 825.812 1002.08 -11.5478
1.237 825.604 1001.91 -11.5478
1.238 825.396 1001.73 -11.5478
1.239 825.188 1001.56 -11.5478
1.24 824.98 1001.38 -11.5478
1.241 824.772 1001.21 -11.5478
1.242 824.565 1001.03 -11.5478
1.243 824.358 1000.86 -11.5478
1.244 824.151 1000.68 -11.5478
1.245 823.945 1000.51 -11.5478
1.246 823.738 1000.33 -11.5478
1.247 823.532 1000.15 -11.5478
1.248 823.327 999.978 -11.5478
1.249 823.121 999.801 -11.5478
1.25 822.916 999.624 -11.5478
1.251 822.71 999.447 -11.5478
1.252 822.505 999.27 -11.5478
1.253 822.301 999.092 -11.5478
1.254 822.096 998.915 -11.5478
1.255 821.892 998.737 -11.5478
1.256 821.688 998.559 -11.5478
1.257 821.484 998.381 -11.5478
1.258 821.281 998.203 -11.5478
1.259 821.077 998.025 -11.5478
1.26 820.874 997.846 -11.5478
1.261 820.672 997.667 -11.5478
1.262 820.469 997.488 -11.5478
1.263 820.267 997.309 -11.5478
1.264 820.065 997.13 -11.5478
1.265 819.863 996.951 -11.5478
1.266 819.661 996.771 -11.5478
1.267 819.46 996.591 -11.5478
1.268 819.258 996.411 -11.5478
1.269 819.057 996.231 -11.5478
1.27 818.857 996.051 -11.5478
1.271 818.656 995.871 -11.5478
1.272 818.456 995.69 -11.5478
1.273 818.256 995.509 -11.5478
1.274 818.056 995.328 -11.5478
1.275 817.857 995.147 -11.5478
1.276 817.657 994.966 -11.5478
1.277 817.458 994.785 -11.5478
1.278 817.259 994.603 -11.5478
1.279 817.061 994.421 -11.5478
1.28 816.862 994.239 -11.5478
1.281 816.664 994.057 -11.5478
1.282 816.466 993.875 -11.5478
1.283 816.269 993.693 -11.5478
1.284 816.071 993.51 -11.5478
1.285 815.874 993.327 -11.5478
1.286 815.677 993.144 -11.5478
1.287 815.48 992.961 -11.5478
1.288 815.284 992.778 -11.5478
1.289 815.087 992.595 -11.5478
1.29 814.891 992.411 -11.5478
1.291 814.696 992.227 -11.5478
1.292 814.5 992.044 -11.5478
1.293 814.305 991.86 -11.5478
1.294 814.11 991.675 -11.5478
1.295 813.915 991.491 -11.5478
1.296 813.72 991.307 -11.5478
1.297 813.526 991.122 -11.5478
1.298 813.332 990.937 -11.5478
1.299 813.138 990.752 -11.5478
1.3 812.944 990.567 -11.5478
1.301 812.75 990.382 -11.5478
1.302 812.557 990.196 -11.5478
1.303 812.364 990.011 -11.5478
1.304 812.171 989.825 -11.5478
1.305 811.979 989.639 -11.5478
1.306 811.787 989.453 -11.5478
1.307 811.595 989.267 -11.5478
1.308 811.403 989.08 -11.5478
1.309 811.211 988.894 -11.5478
1.31 811.02 988.707 -11.5478
1.311 810.829 988.52 -11.5478
1.312 810.638 988.333 -11.5478
1.313 810.447 988.146 -11.5478
1.314 810.257 987.959 -11.5478
1.315 810.067 987.771 -11.5478
1.316 809.877 987.584 -11.5478
1.317 809.687 987.396 -11.5478
1.318 809.497 987.208 -11.5478
1.319 809.308 987.02 -11.5478
1.32 809.119 986.832 -11.5478
1.321 808.93 986.643 -11.5478
1.322 808.742 986.455 -11.5478
1.323 808.554 986.266 -11.5478
1.324 808.366 986.077 -11.5478
1.325 808.178 985.888 -11.5478
1.326 807.99 985.699 -11.5478
1.327 807.803 985.51 -11.5478
1.328 807.616 985.321 -11.5478
1.329 807.429 985.131 -11.5478
1.33 807.242 984.941 -11.5478
1.331 807.056 984.751 -11.5478
1.332 806.869 984.561 -11.5478
1.333 806.684 984.371 -11.5478
1.334 806.498 984.181 -11.5478
1.335 806.312 983.991 -11.5478
1.336 806.127 983.8 -11.5478
1.337 805.942 983.609 -11.5478
1.338 805.757 983.418 -11.5478
1.339 805.573 983.227 -11.5478
1.34 805.388 983.036 -11.5478
1.341 805.204 982.845 -11.5478
1.342 805.02 982.653 -11.5478
1.343 804.837 982.462 -11.5478
1.344 804.653 982.27 -11.5478
1.345 804.47 982.078 -11.5478
1.346 804.287 981.886 -11.5478
1.347 804.105 981.694 -11.5478
1.348 803.922 981.502 -11.5478
1.349 803.74 981.309 -11.5478
1.35 803.558 981.117 -11.5478
1.351 803.376 980.924 -11.5478
1.352 803.195 980.731 -11.5478
1.353 803.014 980.538 -11.5478
1.354 802.833 980.345 -11.5478
1.355 802.652 980.152 -11.5478
1.356 802.471 979.958 -11.5478
1.357 802.291 979.765 -11.5478
1.358 802.111 979.571 -11.5478
1.359 801.931 979.377 -11.5478
1.36 801.751 979.183 -11.5478
1.361 801.572 978.989 -11.5478
1.362 801.393 978.795 -11.5478
1.363 801.214 978.6 -11.5478
1.364 801.035 978.406 -11.5478
1.365 800.857 978.211 -11.5478
1.366 800.679 978.016 -11.5478
1.367 800.501 977.821 -11.5478
1.368 800.323 977.626 -11.5478
1.369 800.146 977.431 -11.5478
1.37 799.968 977.236 -11.5478
1.371 799.791 977.04 -11.5478
1.372 799.614 976.845 -11.5478
1.373 799.438 976.649 -11.5478
1.374 799.262 976.453 -11.5478
1.375 799.085 976.257 -11.5478
1.376 798.91 976.061 -11.5478
1.377 798.734 975.865 -11.5478
1.378 798.559 975.668 -11.5478
1.379 798.383 975.472 -11.5478
1.38 798.208 975.275 -11.5478
1.381 798.034 975.078 -11.5478
1.382 797.859 974.881 -11.5478
1.383 797.685 974.684 -11.5478
1.384 797.511 974.487 -11.5478
1.385 797.337 974.29 -11.5478
1.386 797.164 974.092 -11.5478
1.387 796.991 973.895 -11.5478
1.388 796.818 973.697 -11.5478
1.389 796.645 973.499 -11.5478
1.39 796.472 973.301 -11.5478
1.391 796.3 973.103 -11.5478
1.392 796.128 972.905 -11.5478
1.393 795.956 972.706 -11.5478
1.394 795.784 972.508 -11.5478
1.395 795.613 972.309 -11.5478
1.396 795.442 972.111 -11.5478
1.397 795.271 971.912 -11.5478
1.398 795.1 971.713 -11.5478
1.399 794.93 971.514 -11.5478
1.4 794.759 971.314 -11.5478
1.401 794.589 971.115 -11.5478
1.402 794.42 970.916 -11.5478
1.403 794.25 970.716 -11.5478
1.404 794.081 970.516 -11.5478
1.405 793.912 970.316 -11.5478
1.406 793.743 970.116 -11.5478
1.407 793.574 969.916 -11.5478
1.408 793.406 969.716 -11.5478
1.409 793.238 969.516 -11.5478
1.41 793.07 969.315 -11.5478
1.411 792.902 969.115 -11.5478
1.412 792.735 968.914 -11.5478
1.413 792.568 968.713 -11.5478
1.414 792.401 968.512 -11.5478
1.415 792.234 968.311 -11.5478
1.416 792.068 968.11 -11.5478
1.417 791.901 967.909 -11.5478
1.418 791.735 967.707 -11.5478
1.419 791.57 967.506 -11.5478
1.42 791.404 967.304 -11.5478
1.421 791.239 967.102 -11.5478
1.422 791.074 966.9 -11.5478
1.423 790.909 966.698 -11.5478
1.424 790.744 966.496 -11.5478
1.425 790.58 966.294 -11.5478
1.426 790.416 966.092 -11.5478
1.427 790.252 965.889 -11.5478
1.428 790.088 965.687 -11.5478
1.429 789.925 965.484 -11.5478
1.43 789.761 965.281 -11.5478
1.431 789.598 965.078 -11.5478
1.432 789.436 964.875 -11.5478
1.433 789.273 964.672 -11.5478
1.434 789.111 964.469 -11.5478
1.435 788.949 964.265 -11.5478
1.436 788.787 964.062 -11.5478
1.437 788.626 963.858 -11.5478
1.438 788.464 963.654 -11.5478
1.439 788.303 963.451 -11.5478
1.44 788.142 963.247 -11.5478
1.441 787.982 963.043 -11.5478
1.442 787.821 962.838 -11.5478
1.443 787.661 962.634 -11.5478
1.444 787.501 962.43 -11.5478
1.445 787.342 962.225 -11.5478
1.446 787.182 962.02 -11.5478
1.447 787.023 961.816 -11.5478
1.448 786.864 961.611 -11.5478
1.449 786.705 961.406 -11.5478
1.45 786.547 961.201 -11.5478
1.451 786.388 960.996 -11.5478
1.452 786.23 960.79 -11.5478
1.453 786.072 960.585 -11.5478
1.454 785.915 960.38 -11.5478
1.455 785.757 960.174 -11.5478
1.456 785.6 959.968 -11.5478
1.457 785.443 959.762 -11.5478
1.458 785.287 959.556 -11.5478
1.459 785.13 959.35 -11.5478
1.46 784.974 959.144 -11.5478
1.461 784.818 958.938 -11.5478
1.462 784.663 958.732 -11.5478
1.463 784.507 958.525 -11.5478
1.464 784.352 958.319 -11.5478
1.465 784.197 958.112 -11.5478
1.466 784.042 957.905 -11.5478
1.467 783.887 957.698 -11.5478
1.468 783.733 957.491 -11.5478
1.469 783.579 957.284 -11.5478
1.47 783.425 957.077 -11.5478
1.471 783.272 956.87 -11.5478
1.472 783.118 956.663 -11.5478
1.473 782.965 956.455 -11.5478
1.474 782.812 956.248 -11.5478
1.475 782.659 956.04 -11.5478
1.476 782.507 955.832 -11.5478
1.477 782.355 955.624 -11.5478
1.478 782.203 955.416 -11.5478
1.479 782.051 955.208 -11.5478
1.48 781.899 955 -11.5478
1.481 781.748 954.792 -11.5478
1.482 781.597 954.583 -11.5478
1.483 781.446 954.375 -11.5478
1.484 781.296 954.166 -11.5478
1.485 781.145 953.957 -11.5478
1.486 780.995 953.749 -11.5478
1.487 780.845 953.54 -11.5478
1.488 780.696 953.331 -11.5478
1.489 780.546 953.122 -11.5478
1.49 780.397 952.913 -11.5478
1.491 780.248 952.703 -11.5478
1.492 780.099 952.494 -11.5478
1.493 779.951 952.285 -11.5478
1.494 779.803 952.075 -11.5478
1.495 779.655 951.865 -11.5478
1.496 779.507 951.656 -11.5478
1.497 779.359 951.446 -11.5478
1.498 779.212 951.236 -11.5478
1.499 779.065 951.026 -11.5478
1.5 778.918 950.816 -11.5478
1.501 778.771 950.605 -11.5478
1.502 778.625 950.395 -11.5478
1.503 778.479 950.185 -11.5478
1.504 778.333 949.974 -11.5478
1.505 778.187 949.764 -11.5478
1.506 778.042 949.553 -11.5478
1.507 777.896 949.342 -11.5478
1.508 777.751 949.131 -11.5478
1.509 777.607 948.921 -11.5478
1.51 777.462 948.709 -11.5478
1.511 777.318 948.498 -11.5478
1.512 777.174 948.287 -11.5478
1.513 777.03 948.076 -11.5478
1.514 776.886 947.864 -11.5478
1.515 776.743 947.653 -11.5478
1.516 776.6 947.441 -11.5478
1.517 776.457 947.23 -11.5478
1.518 776.314 947.018 -11.5478
1.519 776.172 946.806 -11.5478
1.52 776.029 946.594 -11.5478
1.521 775.887 946.382 -11.5478
1.522 775.746 946.17 -11.5478
1.523 775.604 945.958 -11.5478
1.524 775.463 945.746 -11.5478
1.525 775.322 945.533 -11.5478
1.526 775.181 945.321 -11.5478
1.527 775.04 945.108 -11.5478
1.528 774.9 944.896 -11.5478
1.529 774.76 944.683 -11.5478
1.53 774.62 944.47 -11.5478
1.531 774.48 944.257 -11.5478
1.532 774.341 944.044 -11.5478
1.533 774.201 943.831 -11.5478
1.534 774.062 943.618 -11.5478
1.535 773.924 943.405 -11.5478
1.536 773.785 943.192 -11.5478
1.537 773.647 942.978 -11.5478
1.538 773.509 942.765 -11.5478
1.539 773.371 942.551 -11.5478
1.54 773.233 942.338 -11.5478
1.541 773.096 942.124 -11.5478
1.542 772.959 941.91 -11.5478
1.543 772.822 941.697 -11.5478
1.544 772.685 941.483 -11.5478
1.545 772.549 941.269 -11.5478
1.546 772.413 941.055 -11.5478
1.547 772.277 940.84 -11.5478
1.548 772.141 940.626 -11.5478
1.549 772.005 940.412 -11.5478
1.55 771.87 940.197 -11.5478
1.551 771.735 939.983 -11.5478
1.552 771.6 939.768 -11.5478
1.553 771.466 939.554 -11.5478
1.554 771.331 939.339 -11.5478
1.555 771.197 939.124 -11.5478
1.556 771.063 938.909 -11.5478
1.557 770.929 938.694 -11.5478
1.558 770.796 938.479 -11.5478
1.559 770.663 938.264 -11.5478
1.56 770.53 938.049 -11.5478
1.561 770.397 937.834 -11.5478
1.562 770.265 937.618 -11.5478
1.563 770.132 937.403 -11.5478
1.564 770 937.188 -11.5478
1.565 769.868 936.972 -11.5478
1.566 769.737 936.756 -11.5478
1.567 769.605 936.541 -11.5478
1.568 769.474 936.325 -11.5478
1.569 769.343 936.109 -11.5478
1.57 769.213 935.893 -11.5478
1.571 769.082 935.677 -11.5478
1.572 768.952 935.461 -11.5478
1.573 768.822 935.245 -11.5478
1.574 768.692 935.029 -11.5478
1.575 768.563 934.812 -11.5478
1.576 768.433 934.596 -11.5478
1.577 768.304 934.38 -11.5478
1.578 768.175 934.163 -11.5478
1.579 768.047 933.947 -11.5478
1.58 767.918 933.73 -11.5478
1.581 767.79 933.513 -11.5478
1.582 767.662 933.296 -11.5478
1.583 767.535 933.08 -11.5478
1.584 767.407 932.863 -11.5478
1.585 767.28 932.646 -11.5478
1.586 767.153 932.429 -11.5478
1.587 767.026 932.212 -11.5478
1.588 766.9 931.994 -11.5478
1.589 766.773 931.777 -11.5478
1.59 766.647 931.56 -11.5478
1.591 766.521 931.342 -11.5478
1.592 766.396 931.125 -11.5478
1.593 766.27 930.908 -11.5478
1.594 766.145 930.69 -11.5478
1.595 766.02 930.472 -11.5478
1.596 765.895 930.255 -11.5478
1.597 765.771 930.037 -11.5478
1.598 765.647 929.819 -11.5478
1.599 765.523 929.601 -11.5478
1.6 765.399 929.383 -11.5478
1.601 765.275 929.165 -11.5478
1.602 765.152 928.947 -11.5478
1.603 765.029 928.729 -11.5478
1.604 764.906 928.511 -11.5478
1.605 764.783 928.292 -11.5478
1.606 764.661 928.074 -11.5478
1.607 764.538 927.856 -11.5478
1.608 764.417 927.637 -11.5478
1.609 764.295 927.419 -11.5478
1.61 764.173 927.2 -11.5478
1.611 764.052 926.981 -11.5478
1.612 763.931 926.763 -11.5478
1.613 763.81 926.544 -11.5478
1.614 763.689 926.325 -11.5478
1.615 763.569 926.106 -11.5478
1.616 763.449 925.887 -11.5478
1.617 763.329 925.668 -11.5478
1.618 763.209 925.449 -11.5478
1.619 763.09 925.23 -11.5478
1.62 762.971 925.011 -11.5478
1.621 762.852 924.791 -11.5478
1.622 762.733 924.572 -11.5478
1.623 762.614 924.353 -11.5478
1.624 762.496 924.133 -11.5478
1.625 762.378 923.914 -11.5478
1.626 762.26 923.694 -11.5478
1.627 762.142 923.475 -11.5478
1.628 762.025 923.255 -11.5478
1.629 761.908 923.035 -11.5478
1.63 761.791 922.815 -11.5478
1.631 761.674 922.596 -11.5478
1.632 761.557 922.376 -11.5478
1.633 761.441 922.156 -11.5478
1.634 761.325 921.936 -11.5478
1.635 761.209 921.716 -11.5478
1.636 761.094 921.496 -11.5478
1.637 760.978 921.276 -11.5478
1.638 760.863 921.055 -11.5478
1.639 760.748 920.835 -11.5478
1.64 760.633 920.615 -11.5478
1.641 760.519 920.394 -11.5478
1.642 760.405 920.174 -11.5478
1.643 760.291 919.954 -11.5478
1.644 760.177 919.733 -11.5478
1.645 760.063 919.512 -11.5478
1.646 759.95 919.292 -11.5478
1.647 759.837 919.071 -11.5478
1.648 759.724 918.85 -11.5478
1.649 759.611 918.63 -11.5478
1.65 759.499 918.409 -11.5478
1.651 759.387 918.188 -11.5478
1.652 759.275 917.967 -11.5478
1.653 759.163 917.746 -11.5478
1.654 759.052 917.525 -11.5478
1.655 758.94 917.304 -11.5478
1.656 758.829 917.083 -11.5478
1.657 758.718 916.862 -11.5478
1.658 758.608 916.64 -11.5478
1.659 758.497 916.419 -11.5478
1.66 758.387 916.198 -11.5478
1.661 758.277 915.976 -11.5478
1.662 758.167 915.755 -11.5478
1.663 758.058 915.534 -11.5478
1.664 757.949 915.312 -11.5478
1.665 757.84 915.091 -11.5478
1.666 757.731 914.869 -11.5478
1.667 757.622 914.647 -11.5478
1.668 757.514 914.426 -11.5478
1.669 757.406 914.204 -11.5478
1.67 757.298 913.982 -11.5478
1.671 757.19 913.76 -11.5478
1.672 757.083 913.538 -11.5478
1.673 756.975 913.316 -11.5478
1.674 756.868 913.095 -11.5478
1.675 756.762 912.873 -11.5478
1.676 756.655 912.65 -11.5478
1.677 756.549 912.428 -11.5478
1.678 756.443 912.206 -11.5478
1.679 756.337 911.984 -11.5478
1.68 756.231 911.762 -11.5478
1.681 756.126 911.54 -11.5478
1.682 756.02 911.317 -11.5478
1.683 755.915 911.095 -11.5478
1.684 755.811 910.873 -11.5478
1.685 755.706 910.65 -11.5478
1.686 755.602 910.428 -11.5478
1.687 755.498 910.205 -11.5478
1.688 755.394 909.983 -11.5478
1.689 755.29 909.76 -11.5478
1.69 755.187 909.537 -11.5478
1.691 755.084 909.315 -11.5478
1.692 754.981 909.092 -11.5478
1.693 754.878 908.869 -11.5478
1.694 754.775 908.647 -11.5478
1.695 754.673 908.424 -11.5478
1.696 754.571 908.201 -11.5478
1.697 754.469 907.978 -11.5478
1.698 754.368 907.755 -11.5478
1.699 754.266 907.532 -11.5478
1.7 754.165 907.309 -11.5478
1.701 754.064 907.086 -11.5478
1.702 753.963 906.863 -11.5478
1.703 753.863 906.64 -11.5478
1.704 753.763 906.417 -11.5478
1.705 753.662 906.193 -11.5478
1.706 753.563 905.97 -11.5478
1.707 753.463 905.747 -11.5478
1.708 753.364 905.524 -11.5478
1.709 753.264 905.3 -11.5478
1.71 753.166 905.077 -11.5478
1.711 753.067 904.853 -11.5478
1.712 752.968 904.63 -11.5478
1.713 752.87 904.407 -11.5478
1.714 752.772 904.183 -11.5478
1.715 752.674 903.96 -11.5478
1.716 752.577 903.736 -11.5478
1.717 752.479 903.512 -11.5478
1.718 752.382 903.289 -11.5478
1.719 752.285 903.065 -11.5478
1.72 752.188 902.841 -11.5478
1.721 752.092 902.618 -11.5478
1.722 751.996 902.394 -11.5478
1.723 751.9 902.17 -11.5478
1.724 751.804 901.946 -11.5478
1.725 751.708 901.722 -11.5478
1.726 751.613 901.498 -11.5478
1.727 751.518 901.275 -11.5478
1.728 751.423 901.051 -11.5478
1.729 751.328 900.827 -11.5478
1.73 751.234 900.603 -11.5478
1.731 751.139 900.379 -11.5478
1.732 751.045 900.154 -11.5478
1.733 750.951 899.93 -11.5478
1.734 750.858 899.706 -11.5478
1.735 750.765 899.482 -11.5478
1.736 750.671 899.258 -11.5478
1.737 750.578 899.034 -11.5478
1.738 750.486 898.809 -11.5478
1.739 750.393 898.585 -11.5478
1.74 750.301 898.361 -11.5478
1.741 750.209 898.137 -11.5478
1.742 750.117 897.912 -11.5478
1.743 750.026 897.688 -11.5478
1.744 749.934 897.463 -11.5478
1.745 749.843 897.239 -11.5478
1.746 749.752 897.015 -11.5478
1.747 749.661 896.79 -11.5478
1.748 749.571 896.566 -11.5478
1.749 749.481 896.341 -11.5478
1.75 749.391 896.117 -11.5478
1.751 749.301 895.892 -11.5478
1.752 749.211 895.667 -11.5478
1.753 749.122 895.443 -11.5478
1.754 749.033 895.218 -11.5478
1.755 748.944 894.993 -11.5478
1.756 748.855 894.769 -11.5478
1.757 748.766 894.544 -11.5478
1.758 748.678 894.319 -11.5478
1.759 748.59 894.095 -11.5478
1.76 748.502 893.87 -11.5478
1.761 748.415 893.645 -11.5478
1.762 748.327 893.42 -11.5478
1.763 748.24 893.195 -11.5478
1.764 748.153 892.97 -11.5478
1.765 748.066 892.746 -11.5478
1.766 747.98 892.521 -11.5478
1.767 747.894 892.296 -11.5478
1.768 747.807 892.071 -11.5478
1.769 747.722 891.846 -11.5478
1.77 747.636 891.621 -11.5478
1.771 747.551 891.396 -11.5478
1.772 747.465 891.171 -11.5478
1.773 747.38 890.946 -11.5478
1.774 747.296 890.721 -11.5478
1.775 747.211 890.495 -11.5478
1.776 747.127 890.27 -11.5478
1.777 747.043 890.045 -11.5478
1.778 746.959 889.82 -11.5478
1.779 746.875 889.595 -11.5478
1.78 746.792 889.37 -11.5478
1.781 746.709 889.145 -11.5478
1.782 746.626 888.919 -11.5478
1.783 746.543 888.694 -11.5478
1.784 746.46 888.469 -11.5478
1.785 746.378 888.244 -11.5478
1.786 746.296 888.018 -11.5478
1.787 746.214 887.793 -11.5478
1.788 746.132 887.568 -11.5478
1.789 746.051 887.342 -11.5478
1.79 745.969 887.117 -11.5478
1.791 745.888 886.892 -11.5478
1.792 745.808 886.666 -11.5478
1.793 745.727 886.441 -11.5478
1.794 745.647 886.216 -11.5478
1.795 745.567 885.99 -11.5478
1.796 745.487 885.765 -11.5478
1.797 745.407 885.539 -11.5478
1.798 745.327 885.314 -11.5478
1.799 745.248 885.088 -11.5478
1.8 745.169 884.863 -11.5478
1.801 745.09 884.637 -11.5478
1.802 745.012 884.412 -11.5478
1.803 744.933 884.186 -11.5478
1.804 744.855 883.961 -11.5478
1.805 744.777 883.735 -11.5478
1.806 744.699 883.51 -11.5478
1.807 744.622 883.284 -11.5478
1.808 744.545 883.059 -11.5478
1.809 744.467 882.833 -11.5478
1.81 744.391 882.607 -11.5478
1.811 744.314 882.382 -11.5478
1.812 744.237 882.156 -11.5478
1.813 744.161 881.931 -11.5478
1.814 744.085 881.705 -11.5478
1.815 744.009 881.479 -11.5478
1.816 743.934 881.254 -11.5478
1.817 743.859 881.028 -11.5478
1.818 743.783 880.802 -11.5478
1.819 743.708 880.577 -11.5478
1.82 743.634 880.351 -11.5478
1.821 743.559 880.125 -11.5478
1.822 743.485 879.9 -11.5478
1.823 743.411 879.674 -11.5478
1.824 743.337 879.448 -11.5478
1.825 743.264 879.222 -11.5478
1.826 743.19 878.997 -11.5478
1.827 743.117 878.771 -11.5478
1.828 743.044 878.545 -11.5478
1.829 742.971 878.32 -11.5478
1.83 742.899 878.094 -11.5478
1.831 742.826 877.868 -11.5478
1.832 742.754 877.642 -11.5478
1.833 742.682 877.416 -11.5478
1.834 742.611 877.191 -11.5478
1.835 742.539 876.965 -11.5478
1.836 742.468 876.739 -11.5478
1.837 742.397 876.513 -11.5478
1.838 742.326 876.288 -11.5478
1.839 742.256 876.062 -11.5478
1.84 742.185 875.836 -11.5478
1.841 742.115 875.61 -11.5478
1.842 742.045 875.384 -11.5478
1.843 741.976 875.159 -11.5478
1.844 741.906 874.933 -11.5478
1.845 741.837 874.707 -11.5478
1.846 741.768 874.481 -11.5478
1.847 741.699 874.255 -11.5478
1.848 741.63 874.029 -11.5478
1.849 741.562 873.804 -11.5478
1.85 741.494 873.578 -11.5478
1.851 741.426 873.352 -11.5478
1.852 741.358 873.126 -11.5478
1.853 741.29 872.9 -11.5478
1.854 741.223 872.675 -11.5478
1.855 741.156 872.449 -11.5478
1.856 741.089 872.223 -11.5478
1.857 741.022 871.997 -11.5478
1.858 740.956 871.771 -11.5478
1.859 740.89 871.545 -11.5478
1.86 740.823 871.32 -11.5478
1.861 740.758 871.094 -11.5478
1.862 740.692 870.868 -11.5478
1.863 740.627 870.642 -11.5478
1.864 740.561 870.416 -11.5478
1.865 740.496 870.19 -11.5478
1.866 740.432 869.965 -11.5478
1.867 740.367 869.739 -11.5478
1.868 740.303 869.513 -11.5478
1.869 740.239 869.287 -11.5478
1.87 740.175 869.061 -11.5478
1.871 740.111 868.836 -11.5478
1.872 740.048 868.61 -11.5478
1.873 739.984 868.384 -11.5478
1.874 739.921 868.158 -11.5478
1.875 739.858 867.932 -11.5478
1.876 739.796 867.707 -11.5478
1.877 739.733 867.481 -11.5478
1.878 739.671 867.255 -11.5478
1.879 739.609 867.029 -11.5478
1.88 739.548 866.804 -11.5478
1.881 739.486 866.578 -11.5478
1.882 739.425 866.352 -11.5478
1.883 739.364 866.126 -11.5478
1.884 739.303 865.9 -11.5478
1.885 739.242 865.675 -11.5478
1.886 739.181 865.449 -11.5478
1.887 739.121 865.223 -11.5478
1.888 739.061 864.998 -11.5478
1.889 739.001 864.772 -11.5478
1.89 738.942 864.546 -11.5478
1.891 738.882 864.32 -11.5478
1.892 738.823 864.095 -11.5478
1.893 738.764 863.869 -11.5478
1.894 738.705 863.643 -11.5478
1.895 738.647 863.418 -11.5478
1.896 738.588 863.192 -11.5478
1.897 738.53 862.966 -11.5478
1.898 738.472 862.741 -11.5478
1.899 738.415 862.515 -11.5478
1.9 738.357 862.29 -11.5478
1.901 738.3 862.064 -11.5478
1.902 738.243 861.838 -11.5478
1.903 738.186 861.613 -11.5478
1.904 738.129 861.387 -11.5478
1.905 738.073 861.162 -11.5478
1.906 738.017 860.936 -11.5478
1.907 737.961 860.71 -11.5478
1.908 737.905 860.485 -11.5478
1.909 737.849 860.259 -11.5478
1.91 737.794 860.034 -11.5478
1.911 737.739 859.808 -11.5478
1.912 737.684 859.583 -11.5478
1.913 737.629 859.357 -11.5478
1.914 737.575 859.132 -11.5478
1.915 737.52 858.906 -11.5478
1.916 737.466 858.681 -11.5478
1.917 737.412 858.456 -11.5478
1.918 737.359 858.23 -11.5478
1.919 737.305 858.005 -11.5478
1.92 737.252 857.779 -11.5478
1.921 737.199 857.554 -11.5478
1.922 737.146 857.329 -11.5478
1.923 737.093 857.103 -11.5478
1.924 737.041 856.878 -11.5478
1.925 736.989 856.653 -11.5478
1.926 736.937 856.427 -11.5478
1.927 736.885 856.202 -11.5478
1.928 736.833 855.977 -11.5478
1.929 736.782 855.751 -11.5478
1.93 736.731 855.526 -11.5478
1.931 736.68 855.301 -11.5478
1.932 736.629 855.076 -11.5478
1.933 736.579 854.851 -11.5478
1.934 736.529 854.625 -11.5478
1.935 736.478 854.4 -11.5478
1.936 736.429 854.175 -11.5478
1.937 736.379 853.95 -11.5478
1.938 736.329 853.725 -11.5478
1.939 736.28 853.5 -11.5478
1.94 736.231 853.275 -11.5478
1.941 736.182 853.05 -11.5478
1.942 736.134 852.825 -11.5478
1.943 736.085 852.599 -11.5478
1.944 736.037 852.374 -11.5478
1.945 735.989 852.149 -11.5478
1.946 735.941 851.924 -11.5478
1.947 735.894 851.7 -11.5478
1.948 735.847 851.475 -11.5478
1.949 735.799 851.25 -11.5478
1.95 735.752 851.025 -11.5478
1.951 735.706 850.8 -11.5478
1.952 735.659 850.575 -11.5478
1.953 735.613 850.35 -11.5478
1.954 735.567 850.125 -11.5478
1.955 735.521 849.901 -11.5478
1.956 735.475 849.676 -11.5478
1.957 735.43 849.451 -11.5478
1.958 735.385 849.226 -11.5478
1.959 735.34 849.002 -11.5478
1.96 735.295 848.777 -11.5478
1.961 735.25 848.552 -11.5478
1.962 735.206 848.328 -11.5478
1.963 735.161 848.103 -11.5478
1.964 735.117 847.878 -11.5478
1.965 735.074 847.654 -11.5478
1.966 735.03 847.429 -11.5478
1.967 734.987 847.205 -11.5478
1.968 734.944 846.98 -11.5478
1.969 734.901 846.756 -11.5478
1.97 734.858 846.531 -11.5478
1.971 734.815 846.307 -11.5478
1.972 734.773 846.082 -11.5478
1.973 734.731 845.858 -11.5478
1.974 734.689 845.633 -11.5478
1.975 734.647 845.409 -11.5478
1.976 734.606 845.185 -11.5478
1.977 734.564 844.96 -11.5478
1.978 734.523 844.736 -11.5478
1.979 734.483 844.512 -11.5478
1.98 734.442 844.288 -11.5478
1.981 734.401 844.063 -11.5478
1.982 734.361 843.839 -11.5478
1.983 734.321 843.615 -11.5478
1.984 734.281 843.391 -11.5478
1.985 734.242 843.167 -11.5478
1.986 734.202 842.943 -11.5478
1.987 734.163 842.719 -11.5478
1.988 734.124 842.495 -11.5478
1.989 734.085 842.271 -11.5478
1.99 734.047 842.047 -11.5478
1.991 734.008 841.823 -11.5478
1.992 733.97 841.599 -11.5478
1.993 733.932 841.375 -11.5478
1.994 733.894 841.151 -11.5478
1.995 733.857 840.927 -11.5478
1.996 733.82 840.704 -11.5478
1.997 733.782 840.48 -11.5478
1.998 733.745 840.256 -11.5478
1.999 733.709 840.032 -11.5478
2 733.672 839.809 -11.5478
2.001 733.636 839.585 -11.5478
2.002 733.6 839.361 -11.5478
2.003 733.564 839.138 -11.5478
2.004 733.528 838.914 -11.5478
2.005 733.493 838.691 -11.5478
2.006 733.458 838.467 -11.5478
2.007 733.422 838.244 -11.5478
2.008 733.388 838.02 -11.5478
2.009 733.353 837.797 -11.5478
2.01 733.319 837.573 -11.5478
2.011 733.284 837.35 -11.5478
2.012 733.25 837.127 -11.5478
2.013 733.216 836.903 -11.5478
2.014 733.183 836.68 -11.5478
2.015 733.149 836.457 -11.5478
2.016 733.116 836.234 -11.5478
2.017 733.083 836.01 -11.5478
2.018 733.05 835.787 -11.5478
2.019 733.018 835.564 -11.5478
2.02 732.985 835.341 -11.5478
2.021 732.953 835.118 -11.5478
2.022 732.921 834.895 -11.5478
2.023 732.89 834.672 -11.5478
2.024 732.858 834.449 -11.5478
2.025 732.827 834.226 -11.5478
2.026 732.795 834.003 -11.5478
2.027 732.765 833.78 -11.5478
2.028 732.734 833.558 -11.5478
2.029 732.703 833.335 -11.5478
2.03 732.673 833.112 -11.5478
2.031 732.643 832.889 -11.5478
2.032 732.613 832.667 -11.5478
2.033 732.583 832.444 -11.5478
2.034 732.554 832.221 -11.5478
2.035 732.524 831.999 -11.5478
2.036 732.495 831.776 -11.5478
2.037 732.466 831.554 -11.5478
2.038 732.438 831.331 -11.5478
2.039 732.409 831.109 -11.5478
2.04 732.381 830.886 -11.5478
2.041 732.353 830.664 -11.5478
2.042 732.325 830.442 -11.5478
2.043 732.297 830.219 -11.5478
2.044 732.27 829.997 -11.5478
2.045 732.243 829.775 -11.5478
2.046 732.216 829.553 -11.5478
2.047 732.189 829.331 -11.5478
2.048 732.162 829.109 -11.5478
2.049 732.136 828.887 -11.5478
2.05 732.109 828.665 -11.5478
2.051 732.083 828.443 -11.5478
2.052 732.058 828.221 -11.5478
2.053 732.032 827.999 -11.5478
2.054 732.007 827.777 -11.5478
2.055 731.981 827.555 -11.5478
2.056 731.956 827.333 -11.5478
2.057 731.932 827.111 -11.5478
2.058 731.907 826.89 -11.5478
2.059 731.883 826.668 -11.5478
2.06 731.858 826.446 -11.5478
2.061 731.834 826.225 -11.5478
2.062 731.811 826.003 -11.5478
2.063 731.787 825.782 -11.5478
2.064 731.764 825.56 -11.5478
2.065 731.74 825.339 -11.5478
2.066 731.717 825.117 -11.5478
2.067 731.695 824.896 -11.5478
2.068 731.672 824.675 -11.5478
2.069 731.65 824.453 -11.5478
2.07 731.628 824.232 -11.5478
2.071 731.606 824.011 -11.5478
2.072 731.584 823.79 -11.5478
2.073 731.562 823.569 -11.5478
2.074 731.541 823.348 -11.5478
2.075 731.52 823.126 -11.5478
2.076 731.499 822.905 -11.5478
2.077 731.478 822.685 -11.5478
2.078 731.458 822.464 -11.5478
2.079 731.437 822.243 -11.5478
2.08 731.417 822.022 -11.5478
2.081 731.397 821.801 -11.5478
2.082 731.377 821.58 -11.5478
2.083 731.358 821.36 -11.5478
2.084 731.339 821.139 -11.5478
2.085 731.319 820.918 -11.5478
2.086 731.301 820.698 -11.5478
2.087 731.282 820.477 -11.5478
2.088 731.263 820.257 -11.5478
2.089 731.245 820.036 -11.5478
2.09 731.227 819.816 -11.5478
2.091 731.209 819.596 -11.5478
2.092 731.191 819.375 -11.5478
2.093 731.174 819.155 -11.5478
2.094 731.156 818.935 -11.5478
2.095 731.139 818.715 -11.5478
2.096 731.122 818.495 -11.5478
2.097 731.106 818.275 -11.5478
2.098 731.089 818.055 -11.5478
2.099 731.073 817.835 -11.5478
2.1 731.057 817.615 -11.5478
2.101 731.041 817.395 -11.5478
2.102 731.025 817.175 -11.5478
2.103 731.01 816.955 -11.5478
2.104 730.994 816.735 -11.5478
2.105 730.979 816.516 -11.5478
2.106 730.964 816.296 -11.5478
2.107 730.95 816.076 -11.5478
2.108 730.935 815.857 -11.5478
2.109 730.921 815.637 -11.5478
2.11 730.907 815.418 -11.5478
2.111 730.893 815.198 -11.5478
2.112 730.879 814.979 -11.5478
2.113 730.866 814.76 -11.5478
2.114 730.853 814.54 -11.5478
2.115 730.839 814.321 -11.5478
2.116 730.827 814.102 -11.5478
2.117 730.814 813.883 -11.5478
2.118 730.801 813.664 -11.5478
2.119 730.789 813.445 -11.5478
2.12 730.777 813.226 -11.5478
2.121 730.765 813.007 -11.5478
2.122 730.754 812.788 -11.5478
2.123 730.742 812.569 -11.5478
2.124 730.731 812.35 -11.5478
2.125 730.72 812.132 -11.5478
2.126 730.709 811.913 -11.5478
2.127 730.698 811.694 -11.5478
2.128 730.688 811.476 -11.5478
2.129 730.677 811.257 -11.5478
2.13 730.667 811.039 -11.5478
2.131 730.657 810.82 -11.5478
2.132 730.648 810.602 -11.5478
2.133 730.638 810.383 -11.5478
2.134 730.629 810.165 -11.5478
2.135 730.62 809.947 -11.5478
2.136 730.611 809.729 -11.5478
2.137 730.602 809.511 -11.5478
2.138 730.594 809.293 -11.5478
2.139 730.586 809.074 -11.5478
2.14 730.577 808.857 -11.5478
2.141 730.57 808.639 -11.5478
2.142 730.562 808.421 -11.5478
2.143 730.554 808.203 -11.5478
2.144 730.547 807.985 -11.5478
2.145 730.54 807.767 -11.5478
2.146 730.533 807.55 -11.5478
2.147 730.526 807.332 -11.5478
2.148 730.52 807.115 -11.5478
2.149 730.514 806.897 -11.5478
2.15 730.507 806.68 -11.5478
2.151 730.502 806.462 -11.5478
2.152 730.496 806.245 -11.5478
2.153 730.49 806.028 -11.5478
2.154 730.485 805.81 -11.5478
2.155 730.48 805.593 -11.5478
2.156 730.475 805.376 -11.5478
2.157 730.47 805.159 -11.5478
2.158 730.466 804.942 -11.5478
2.159 730.462 804.725 -11.5478
2.16 730.457 804.508 -11.5478
2.161 730.453 804.291 -11.5478
2.162 730.45 804.075 -11.5478
2.163 730.446 803.858 -11.5478
2.164 730.443 803.641 -11.5478
2.165 730.44 803.424 -11.5478
2.166 730.437 803.208 -11.5478
2.167 730.434 802.991 -11.5478
2.168 730.432 802.775 -11.5478
2.169 730.429 802.559 -11.5478
2.17 730.427 802.342 -11.5478
2.171 730.425 802.126 -11.5478
2.172 730.423 801.91 -11.5478
2.173 730.422 801.693 -11.5478
2.174 730.421 801.477 -11.5478
2.175 730.419 801.261 -11.5478
2.176 730.418 801.045 -11.5478
2.177 730.418 800.829 -11.5478
2.178 730.417 800.613 -11.5478
2.179 730.417 800.398 -11.5478
2.18 730.417 800.182 -11.5478
2.181 730.417 799.966 -11.5478
2.182 730.417 799.75 -11.5478
2.183 730.417 799.535 -11.5478
2.184 730.418 799.319 -11.5478
2.185 730.419 799.104 -11.5478
2.186 730.42 798.888 -11.5478
2.187 730.421 798.673 -11.5478
2.188 730.422 798.458 -11.5478
2.189 730.424 798.243 -11.5478
2.19 730.426 798.027 -11.5478
2.191 730.428 797.812 -11.5478
2.192 730.43 797.597 -11.5478
2.193 730.432 797.382 -11.5478
2.194 730.435 797.167 -11.5478
2.195 730.438 796.952 -11.5478
2.196 730.441 796.737 -11.5478
2.197 730.444 796.523 -11.5478
2.198 730.447 796.308 -11.5478
2.199 730.451 796.093 -11.5478
2.2 730.455 795.879 -11.5478
2.201 730.459 795.664 -11.5478
2.202 730.463 795.45 -11.5478
2.203 730.467 795.235 -11.5478
2.204 730.472 795.021 -11.5478
2.205 730.476 794.807 -11.5478
2.206 730.481 794.593 -11.5478
2.207 730.486 794.378 -11.5478
2.208 730.492 794.164 -11.5478
2.209 730.497 793.95 -11.5478
2.21 730.503 793.736 -11.5478
2.211 730.509 793.522 -11.5478
2.212 730.515 793.308 -11.5478
2.213 730.521 793.095 -11.5478
2.214 730.528 792.881 -11.5478
2.215 730.534 792.667 -11.5478
2.216 730.541 792.454 -11.5478
2.217 730.548 792.24 -11.5478
2.218 730.556 792.027 -11.5478
2.219 730.563 791.813 -11.5478
2.22 730.571 791.6 -11.5478
2.221 730.579 791.387 -11.5478
2.222 730.587 791.173 -11.5478
2.223 730.595 790.96 -11.5478
2.224 730.604 790.747 -11.5478
2.225 730.612 790.534 -11.5478
2.226 730.621 790.321 -11.5478
2.227 730.63 790.108 -11.5478
2.228 730.639 789.896 -11.5478
2.229 730.649 789.683 -11.5478
2.23 730.658 789.47 -11.5478
2.231 730.668 789.257 -11.5478
2.232 730.678 789.045 -11.5478
2.233 730.688 788.832 -11.5478
2.234 730.699 788.62 -11.5478
2.235 730.709 788.408 -11.5478
2.236 730.72 788.195 -11.5478
2.237 730.731 787.983 -11.5478
2.238 730.742 787.771 -11.5478
2.239 730.754 787.559 -11.5478
2.24 730.765 787.347 -11.5478
2.241 730.777 787.135 -11.5478
2.242 730.789 786.923 -11.5478
2.243 730.801 786.711 -11.5478
2.244 730.813 786.499 -11.5478
2.245 730.826 786.287 -11.5478
2.246 730.839 786.076 -11.5478
2.247 730.851 785.864 -11.5478
2.248 730.865 785.653 -11.5478
2.249 730.878 785.441 -11.5478
2.25 730.891 785.23 -11.5478
2.251 730.905 785.018 -11.5478
2.252 730.919 784.807 -11.5478
2.253 730.933 784.596 -11.5478
2.254 730.947 784.385 -11.5478
2.255 730.962 784.174 -11.5478
2.256 730.976 783.963 -11.5478
2.257 730.991 783.752 -11.5478
2.258 731.006 783.541 -11.5478
2.259 731.022 783.33 -11.5478
2.26 731.037 783.12 -11.5478
2.261 731.053 782.909 -11.5478
2.262 731.068 782.699 -11.5478
2.263 731.084 782.488 -11.5478
2.264 731.101 782.278 -11.5478
2.265 731.117 782.067 -11.5478
2.266 731.134 781.857 -11.5478
2.267 731.15 781.647 -11.5478
2.268 731.167 781.437 -11.5478
2.269 731.184 781.227 -11.5478
2.27 731.202 781.017 -11.5478
2.271 731.219 780.807 -11.5478
2.272 731.237 780.597 -11.5478
2.273 731.255 780.387 -11.5478
2.274 731.273 780.177 -11.5478
2.275 731.291 779.968 -11.5478
2.276 731.31 779.758 -11.5478
2.277 731.329 779.548 -11.5478
2.278 731.348 779.339 -11.5478
2.279 731.367 779.13 -11.5478
2.28 731.386 778.92 -11.5478
2.281 731.405 778.711 -11.5478
2.282 731.425 778.502 -11.5478
2.283 731.445 778.293 -11.5478
2.284 731.465 778.084 -11.5478
2.285 731.485 777.875 -11.5478
2.286 731.506 777.666 -11.5478
2.287 731.526 777.457 -11.5478
2.288 731.547 777.249 -11.5478
2.289 731.568 777.04 -11.5478
2.29 731.589 776.831 -11.5478
2.291 731.61 776.623 -11.5478
2.292 731.632 776.414 -11.5478
2.293 731.654 776.206 -11.5478
2.294 731.676 775.998 -11.5478
2.295 731.698 775.789 -11.5478
2.296 731.72 775.581 -11.5478
2.297 731.743 775.373 -11.5478
2.298 731.765 775.165 -11.5478
2.299 731.788 774.957 -11.5478
2.3 731.811 774.749 -11.5478
2.301 731.835 774.542 -11.5478
2.302 731.858 774.334 -11.5478
2.303 731.882 774.126 -11.5478
2.304 731.906 773.919 -11.5478
2.305 731.93 773.711 -11.5478
2.306 731.954 773.504 -11.5478
2.307 731.979 773.297 -11.5478
2.308 732.003 773.089 -11.5478
2.309 732.028 772.882 -11.5478
2.31 732.053 772.675 -11.5478
2.311 732.078 772.468 -11.5478
2.312 732.104 772.261 -11.5478
2.313 732.129 772.054 -11.5478
2.314 732.155 771.847 -11.5478
2.315 732.181 771.641 -11.5478
2.316 732.207 771.434 -11.5478
2.317 732.233 771.227 -11.5478
2.318 732.26 771.021 -11.5478
2.319 732.287 770.814 -11.5478
2.32 732.313 770.608 -11.5478
2.321 732.341 770.402 -11.5478
2.322 732.368 770.196 -11.5478
2.323 732.395 769.989 -11.5478
2.324 732.423 769.783 -11.5478
2.325 732.451 769.577 -11.5478
2.326 732.479 769.372 -11.5478
2.327 732.507 769.166 -11.5478
2.328 732.536 768.96 -11.5478
2.329 732.564 768.754 -11.5478
2.33 732.593 768.549 -11.5478
2.331 732.622 768.343 -11.5478
2.332 732.651 768.138 -11.5478
2.333 732.68 767.932 -11.5478
2.334 732.71 767.727 -11.5478
2.335 732.74 767.522 -11.5478
2.336 732.77 767.317 -11.5478
2.337 732.8 767.112 -11.5478
2.338 732.83 766.907 -11.5478
2.339 732.861 766.702 -11.5478
2.34 732.891 766.497 -11.5478
2.341 732.922 766.292 -11.5478
2.342 732.953 766.088 -11.5478
2.343 732.985 765.883 -11.5478
2.344 733.016 765.679 -11.5478
2.345 733.048 765.474 -11.5478
2.346 733.079 765.27 -11.5478
2.347 733.111 765.065 -11.5478
2.348 733.144 764.861 -11.5478
2.349 733.176 764.657 -11.5478
2.35 733.209 764.453 -11.5478
2.351 733.241 764.249 -11.5478
2.352 733.274 764.045 -11.5478
2.353 733.307 763.842 -11.5478
2.354 733.341 763.638 -11.5478
2.355 733.374 763.434 -11.5478
2.356 733.408 763.231 -11.5478
2.357 733.442 763.027 -11.5478
2.358 733.476 762.824 -11.5478
2.359 733.51 762.62 -11.5478
2.36 733.545 762.417 -11.5478
2.361 733.579 762.214 -11.5478
2.362 733.614 762.011 -11.5478
2.363 733.649 761.808 -11.5478
2.364 733.684 761.605 -11.5478
2.365 733.72 761.402 -11.5478
2.366 733.755 761.2 -11.5478
2.367 733.791 760.997 -11.5478
2.368 733.827 760.794 -11.5478
2.369 733.863 760.592 -11.5478
2.37 733.9 760.389 -11.5478
2.371 733.936 760.187 -11.5478
2.372 733.973 759.985 -11.5478
2.373 734.01 759.783 -11.5478
2.374 734.047 759.581 -11.5478
2.375 734.084 759.379 -11.5478
2.376 734.122 759.177 -11.5478
2.377 734.159 758.975 -11.5478
2.378 734.197 758.773 -11.5478
2.379 734.235 758.571 -11.5478
2.38 734.273 758.37 -11.5478
2.381 734.312 758.168 -11.5478
2.382 734.35 757.967 -11.5478
2.383 734.389 757.765 -11.5478
2.384 734.428 757.564 -11.5478
2.385 734.467 757.363 -11.5478
2.386 734.507 757.162 -11.5478
2.387 734.546 756.961 -11.5478
2.388 734.586 756.76 -11.5478
2.389 734.626 756.559 -11.5478
2.39 734.666 756.358 -11.5478
2.391 734.706 756.158 -11.5478
2.392 734.746 755.957 -11.5478
2.393 734.787 755.756 -11.5478
2.394 734.828 755.556 -11.5478
2.395 734.869 755.356 -11.5478
2.396 734.91 755.155 -11.5478
2.397 734.951 754.955 -11.5478
2.398 734.993 754.755 -11.5478
2.399 735.035 754.555 -11.5478
2.4 735.077 754.355 -11.5478
2.401 735.119 754.155 -11.5478
2.402 735.161 753.956 -11.5478
2.403 735.204 753.756 -11.5478
2.404 735.246 753.556 -11.5478
2.405 735.289 753.357 -11.5478
2.406 735.332 753.157 -11.5478
2.407 735.375 752.958 -11.5478
2.408 735.419 752.759 -11.5478
2.409 735.462 752.56 -11.5478
2.41 735.506 752.36 -11.5478
2.411 735.55 752.161 -11.5478
2.412 735.594 751.963 -11.5478
2.413 735.639 751.764 -11.5478
2.414 735.683 751.565 -11.5478
2.415 735.728 751.366 -11.5478
2.416 735.773 751.168 -11.5478
2.417 735.818 750.969 -11.5478
2.418 735.863 750.771 -11.5478
2.419 735.909 750.573 -11.5478
2.42 735.954 750.374 -11.5478
2.421 736 750.176 -11.5478
2.422 736.046 749.978 -11.5478
2.423 736.093 749.78 -11.5478
2.424 736.139 749.582 -11.5478
2.425 736.185 749.385 -11.5478
2.426 736.232 749.187 -11.5478
2.427 736.279 748.989 -11.5478
2.428 736.326 748.792 -11.5478
2.429 736.374 748.594 -11.5478
2.43 736.421 748.397 -11.5478
2.431 736.469 748.2 -11.5478
2.432 736.517 748.003 -11.5478
2.433 736.565 747.805 -11.5478
2.434 736.613 747.608 -11.5478
2.435 736.661 747.412 -11.5478
2.436 736.71 747.215 -11.5478
2.437 736.759 747.018 -11.5478
2.438 736.808 746.821 -11.5478
2.439 736.857 746.625 -11.5478
2.44 736.906 746.428 -11.5478
2.441 736.956 746.232 -11.5478
2.442 737.006 746.036 -11.5478
2.443 737.055 745.839 -11.5478
2.444 737.105 745.643 -11.5478
2.445 737.156 745.447 -11.5478
2.446 737.206 745.251 -11.5478
2.447 737.257 745.056 -11.5478
2.448 737.308 744.86 -11.5478
2.449 737.359 744.664 -11.5478
2.45 737.41 744.469 -11.5478
2.451 737.461 744.273 -11.5478
2.452 737.513 744.078 -11.5478
2.453 737.564 743.882 -11.5478
2.454 737.616 743.687 -11.5478
2.455 737.668 743.492 -11.5478
2.456 737.721 743.297 -11.5478
2.457 737.773 743.102 -11.5478
2.458 737.826 742.907 -11.5478
2.459 737.879 742.712 -11.5478
2.46 737.932 742.518 -11.5478
2.461 737.985 742.323 -11.5478
2.462 738.038 742.129 -11.5478
2.463 738.092 741.934 -11.5478
2.464 738.146 741.74 -11.5478
2.465 738.2 741.546 -11.5478
2.466 738.254 741.351 -11.5478
2.467 738.308 741.157 -11.5478
2.468 738.362 740.963 -11.5478
2.469 738.417 740.77 -11.5478
2.47 738.472 740.576 -11.5478
2.471 738.527 740.382 -11.5478
2.472 738.582 740.189 -11.5478
2.473 738.638 739.995 -11.5478
2.474 738.693 739.802 -11.5478
2.475 738.749 739.608 -11.5478
2.476 738.805 739.415 -11.5478
2.477 738.861 739.222 -11.5478
2.478 738.917 739.029 -11.5478
2.479 738.974 738.836 -11.5478
2.48 739.031 738.643 -11.5478
2.481 739.087 738.45 -11.5478
2.482 739.144 738.258 -11.5478
2.483 739.202 738.065 -11.5478
2.484 739.259 737.873 -11.5478
2.485 739.317 737.68 -11.5478
2.486 739.374 737.488 -11.5478
2.487 739.432 737.296 -11.5478
2.488 739.491 737.104 -11.5478
2.489 739.549 736.912 -11.5478
2.49 739.607 736.72 -11.5478
2.491 739.666 736.528 -11.5478
2.492 739.725 736.336 -11.5478
2.493 739.784 736.144 -11.5478
2.494 739.843 735.953 -11.5478
2.495 739.903 735.761 -11.5478
2.496 739.962 735.57 -11.5478
2.497 740.022 735.379 -11.5478
2.498 740.082 735.188 -11.5478
2.499 740.142 734.997 -11.5478
2.5 740.202 734.806 -11.5478
2.501 740.263 734.615 -11.5478
2.502 740.324 734.424 -11.5478
2.503 740.384 734.233 -11.5478
2.504 740.445 734.042 -11.5478
2.505 740.507 733.852 -11.5478
2.506 740.568 733.662 -11.5478
2.507 740.63 733.471 -11.5478
2.508 740.691 733.281 -11.5478
2.509 740.753 733.091 -11.5478
2.51 740.815 732.901 -11.5478
2.511 740.878 732.711 -11.5478
2.512 740.94 732.521 -11.5478
2.513 741.003 732.331 -11.5478
2.514 741.066 732.142 -11.5478
2.515 741.129 731.952 -11.5478
2.516 741.192 731.762 -11.5478
2.517 741.255 731.573 -11.5478
2.518 741.319 731.384 -11.5478
2.519 741.383 731.195 -11.5478
2.52 741.447 731.005 -11.5478
2.521 741.511 730.816 -11.5478
2.522 741.575 730.628 -11.5478
2.523 741.64 730.439 -11.5478
2.524 741.704 730.25 -11.5478
2.525 741.769 730.061 -11.5478
2.526 741.834 729.873 -11.5478
2.527 741.899 729.684 -11.5478
2.528 741.965 729.496 -11.5478
2.529 742.03 729.308 -11.5478
2.53 742.096 729.12 -11.5478
2.531 742.162 728.932 -11.5478
2.532 742.228 728.744 -11.5478
2.533 742.294 728.556 -11.5478
2.534 742.361 728.368 -11.5478
2.535 742.427 728.181 -11.5478
2.536 742.494 727.993 -11.5478
2.537 742.561 727.805 -11.5478
2.538 742.628 727.618 -11.5478
2.539 742.696 727.431 -11.5478
2.54 742.763 727.244 -11.5478
2.541 742.831 727.057 -11.5478
2.542 742.899 726.87 -11.5478
2.543 742.967 726.683 -11.5478
2.544 743.035 726.496 -11.5478
2.545 743.104 726.309 -11.5478
2.546 743.172 726.123 -11.5478
2.547 743.241 725.936 -11.5478
2.548 743.31 725.75 -11.5478
2.549 743.379 725.564 -11.5478
2.55 743.449 725.377 -11.5478
2.551 743.518 725.191 -11.5478
2.552 743.588 725.005 -11.5478
2.553 743.658 724.819 -11.5478
2.554 743.728 724.634 -11.5478
2.555 743.798 724.448 -11.5478
2.556 743.869 724.262 -11.5478
2.557 743.939 724.077 -11.5478
2.558 744.01 723.891 -11.5478
2.559 744.081 723.706 -11.5478
2.56 744.152 723.521 -11.5478
2.561 744.223 723.336 -11.5478
2.562 744.295 723.151 -11.5478
2.563 744.366 722.966 -11.5478
2.564 744.438 722.781 -11.5478
2.565 744.51 722.596 -11.5478
2.566 744.583 722.412 -11.5478
2.567 744.655 722.227 -11.5478
2.568 744.728 722.043 -11.5478
2.569 744.8 721.858 -11.5478
2.57 744.873 721.674 -11.5478
2.571 744.946 721.49 -11.5478
2.572 745.02 721.306 -11.5478
2.573 745.093 721.122 -11.5478
2.574 745.167 720.938 -11.5478
2.575 745.24 720.755 -11.5478
2.576 745.314 720.571 -11.5478
2.577 745.389 720.387 -11.5478
2.578 745.463 720.204 -11.5478
2.579 745.538 720.021 -11.5478
2.58 745.612 719.837 -11.5478
2.581 745.687 719.654 -11.5478
2.582 745.762 719.471 -11.5478
2.583 745.837 719.288 -11.5478
2.584 745.913 719.106 -11.5478
2.585 745.988 718.923 -11.5478
2.586 746.064 718.74 -11.5478
2.587 746.14 718.558 -11.5478
2.588 746.216 718.375 -11.5478
2.589 746.293 718.193 -11.5478
2.59 746.369 718.011 -11.5478
2.591 746.446 717.829 -11.5478
2.592 746.523 717.647 -11.5478
2.593 746.6 717.465 -11.5478
2.594 746.677 717.283 -11.5478
2.595 746.754 717.101 -11.5478
2.596 746.832 716.92 -11.5478
2.597 746.909 716.738 -11.5478
2.598 746.987 716.557 -11.5478
2.599 747.065 716.375 -11.5478
2.6 747.144 716.194 -11.5478
2.601 747.222 716.013 -11.5478
2.602 747.301 715.832 -11.5478
2.603 747.38 715.651 -11.5478
2.604 747.458 715.471 -11.5478
2.605 747.538 715.29 -11.5478
2.606 747.617 715.109 -11.5478
2.607 747.696 714.929 -11.5478
2.608 747.776 714.748 -11.5478
2.609 747.856 714.568 -11.5478
2.61 747.936 714.388 -11.5478
2.611 748.016 714.208 -11.5478
2.612 748.097 714.028 -11.5478
2.613 748.177 713.848 -11.5478
2.614 748.258 713.668 -11.5478
2.615 748.339 713.489 -11.5478
2.616 748.42 713.309 -11.5478
2.617 748.501 713.13 -11.5478
2.618 748.583 712.95 -11.5478
2.619 748.664 712.771 -11.5478
2.62 748.746 712.592 -11.5478
2.621 748.828 712.413 -11.5478
2.622 748.91 712.234 -11.5478
2.623 748.993 712.055 -11.5478
2.624 749.075 711.876 -11.5478
2.625 749.158 711.698 -11.5478
2.626 749.241 711.519 -11.5478
2.627 749.324 711.341 -11.5478
2.628 749.407 711.162 -11.5478
2.629 749.49 710.984 -11.5478
2.63 749.574 710.806 -11.5478
2.631 749.657 710.628 -11.5478
2.632 749.741 710.45 -11.5478
2.633 749.826 710.272 -11.5478
2.634 749.91 710.095 -11.5478
2.635 749.994 709.917 -11.5478
2.636 750.079 709.74 -11.5478
2.637 750.164 709.562 -11.5478
2.638 750.249 709.385 -11.5478
2.639 750.334 709.208 -11.5478
2.64 750.419 709.031 -11.5478
2.641 750.505 708.854 -11.5478
2.642 750.59 708.677 -11.5478
2.643 750.676 708.5 -11.5478
2.644 750.762 708.324 -11.5478
2.645 750.848 708.147 -11.5478
2.646 750.935 707.971 -11.5478
2.647 751.021 707.794 -11.5478
2.648 751.108 707.618 -11.5478
2.649 751.195 707.442 -11.5478
2.65 751.282 707.266 -11.5478
2.651 751.369 707.09 -11.5478
2.652 751.457 706.914 -11.5478
2.653 751.544 706.738 -11.5478
2.654 751.632 706.563 -11.5478
2.655 751.72 706.387 -11.5478
2.656 751.808 706.212 -11.5478
2.657 751.896 706.037 -11.5478
2.658 751.985 705.862 -11.5478
2.659 752.074 705.686 -11.5478
2.66 752.162 705.512 -11.5478
2.661 752.251 705.337 -11.5478
2.662 752.341 705.162 -11.5478
2.663 752.43 704.987 -11.5478
2.664 752.519 704.813 -11.5478
2.665 752.609 704.638 -11.5478
2.666 752.699 704.464 -11.5478
2.667 752.789 704.29 -11.5478
2.668 752.879 704.116 -11.5478
2.669 752.97 703.942 -11.5478
2.67 753.06 703.768 -11.5478
2.671 753.151 703.594 -11.5478
2.672 753.242 703.42 -11.5478
2.673 753.333 703.247 -11.5478
2.674 753.424 703.073 -11.5478
2.675 753.516 702.9 -11.5478
2.676 753.607 702.727 -11.5478
2.677 753.699 702.554 -11.5478
2.678 753.791 702.38 -11.5478
2.679 753.883 702.208 -11.5478
2.68 753.976 702.035 -11.5478
2.681 754.068 701.862 -11.5478
2.682 754.161 701.689 -11.5478
2.683 754.254 701.517 -11.5478
2.684 754.347 701.344 -11.5478
2.685 754.44 701.172 -11.5478
2.686 754.533 701 -11.5478
2.687 754.627 700.828 -11.5478
2.688 754.72 700.656 -11.5478
2.689 754.814 700.484 -11.5478
2.69 754.908 700.312 -11.5478
2.691 755.003 700.141 -11.5478
2.692 755.097 699.969 -11.5478
2.693 755.192 699.798 -11.5478
2.694 755.286 699.626 -11.5478
2.695 755.381 699.455 -11.5478
2.696 755.476 699.284 -11.5478
2.697 755.572 699.113 -11.5478
2.698 755.667 698.942 -11.5478
2.699 755.763 698.771 -11.5478
2.7 755.858 698.601 -11.5478
2.701 755.954 698.43 -11.5478
2.702 756.051 698.26 -11.5478
2.703 756.147 698.089 -11.5478
2.704 756.243 697.919 -11.5478
2.705 756.34 697.749 -11.5478
2.706 756.437 697.579 -11.5478
2.707 756.534 697.409 -11.5478
2.708 756.631 697.239 -11.5478
2.709 756.728 697.07 -11.5478
2.71 756.826 696.9 -11.5478
2.711 756.924 696.731 -11.5478
2.712 757.021 696.561 -11.5478
2.713 757.119 696.392 -11.5478
2.714 757.218 696.223 -11.5478
2.715 757.316 696.054 -11.5478
2.716 757.415 695.885 -11.5478
2.717 757.513 695.716 -11.5478
2.718 757.612 695.547 -11.5478
2.719 757.711 695.379 -11.5478
2.72 757.811 695.21 -11.5478
2.721 757.91 695.042 -11.5478
2.722 758.01 694.874 -11.5478
2.723 758.109 694.706 -11.5478
2.724 758.209 694.538 -11.5478
2.725 758.309 694.37 -11.5478
2.726 758.41 694.202 -11.5478
2.727 758.51 694.034 -11.5478
2.728 758.611 693.866 -11.5478
2.729 758.712 693.699 -11.5478
2.73 758.813 693.532 -11.5478
2.731 758.914 693.364 -11.5478
2.732 759.015 693.197 -11.5478
2.733 759.117 693.03 -11.5478
2.734 759.218 692.863 -11.5478
2.735 759.32 692.696 -11.5478
2.736 759.422 692.53 -11.5478
2.737 759.524 692.363 -11.5478
2.738 759.627 692.197 -11.5478
2.739 759.729 692.03 -11.5478
2.74 759.832 691.864 -11.5478
2.741 759.935 691.698 -11.5478
2.742 760.038 691.532 -11.5478
2.743 760.141 691.366 -11.5478
2.744 760.244 691.2 -11.5478
2.745 760.348 691.034 -11.5478
2.746 760.452 690.869 -11.5478
2.747 760.555 690.703 -11.5478
2.748 760.66 690.538 -11.5478
2.749 760.764 690.372 -11.5478
2.75 760.868 690.207 -11.5478
2.751 760.973 690.042 -11.5478
2.752 761.077 689.877 -11.5478
2.753 761.182 689.712 -11.5478
2.754 761.287 689.548 -11.5478
2.755 761.393 689.383 -11.5478
2.756 761.498 689.219 -11.5478
2.757 761.604 689.054 -11.5478
2.758 761.71 688.89 -11.5478
2.759 761.816 688.726 -11.5478
2.76 761.922 688.562 -11.5478
2.761 762.028 688.398 -11.5478
2.762 762.134 688.234 -11.5478
2.763 762.241 688.07 -11.5478
2.764 762.348 687.907 -11.5478
2.765 762.455 687.743 -11.5478
2.766 762.562 687.58 -11.5478
2.767 762.669 687.417 -11.5478
2.768 762.777 687.253 -11.5478
2.769 762.884 687.09 -11.5478
2.77 762.992 686.928 -11.5478
2.771 763.1 686.765 -11.5478
2.772 763.208 686.602 -11.5478
2.773 763.317 686.439 -11.5478
2.774 763.425 686.277 -11.5478
2.775 763.534 686.115 -11.5478
2.776 763.643 685.952 -11.5478
2.777 763.752 685.79 -11.5478
2.778 763.861 685.628 -11.5478
2.779 763.97 685.466 -11.5478
2.78 764.08 685.305 -11.5478
2.781 764.19 685.143 -11.5478
2.782 764.299 684.981 -11.5478
2.783 764.409 684.82 -11.5478
2.784 764.52 684.659 -11.5478
2.785 764.63 684.497 -11.5478
2.786 764.741 684.336 -11.5478
2.787 764.851 684.175 -11.5478
2.788 764.962 684.014 -11.5478
2.789 765.073 683.854 -11.5478
2.79 765.185 683.693 -11.5478
2.791 765.296 683.532 -11.5478
2.792 765.407 683.372 -11.5478
2.793 765.519 683.212 -11.5478
2.794 765.631 683.051 -11.5478
2.795 765.743 682.891 -11.5478
2.796 765.855 682.731 -11.5478
2.797 765.968 682.571 -11.5478
2.798 766.08 682.412 -11.5478
2.799 766.193 682.252 -11.5478
2.8 766.306 682.093 -11.5478
2.801 766.419 681.933 -11.5478
2.802 766.532 681.774 -11.5478
2.803 766.646 681.615 -11.5478
2.804 766.76 681.456 -11.5478
2.805 766.873 681.297 -11.5478
2.806 766.987 681.138 -11.5478
2.807 767.101 680.979 -11.5478
2.808 767.216 680.821 -11.5478
2.809 767.33 680.662 -11.5478
2.81 767.445 680.504 -11.5478
2.811 767.559 680.345 -11.5478
2.812 767.674 680.187 -11.5478
2.813 767.79 680.029 -11.5478
2.814 767.905 679.871 -11.5478
2.815 768.02 679.714 -11.5478
2.816 768.136 679.556 -11.5478
2.817 768.252 679.398 -11.5478
2.818 768.368 679.241 -11.5478
2.819 768.484 679.084 -11.5478
2.82 768.6 678.926 -11.5478
2.821 768.717 678.769 -11.5478
2.822 768.833 678.612 -11.5478
2.823 768.95 678.455 -11.5478
2.824 769.067 678.299 -11.5478
2.825 769.184 678.142 -11.5478
2.826 769.302 677.985 -11.5478
2.827 769.419 677.829 -11.5478
2.828 769.537 677.673 -11.5478
2.829 769.654 677.517 -11.5478
2.83 769.772 677.361 -11.5478
2.831 769.891 677.205 -11.5478
2.832 770.009 677.049 -11.5478
2.833 770.127 676.893 -11.5478
2.834 770.246 676.737 -11.5478
2.835 770.365 676.582 -11.5478
2.836 770.484 676.427 -11.5478
2.837 770.603 676.271 -11.5478
2.838 770.722 676.116 -11.5478
2.839 770.842 675.961 -11.5478
2.84 770.962 675.806 -11.5478
2.841 771.081 675.651 -11.5478
2.842 771.201 675.497 -11.5478
2.843 771.322 675.342 -11.5478
2.844 771.442 675.188 -11.5478
2.845 771.562 675.034 -11.5478
2.846 771.683 674.879 -11.5478
2.847 771.804 674.725 -11.5478
2.848 771.925 674.571 -11.5478
2.849 772.046 674.417 -11.5478
2.85 772.167 674.264 -11.5478
2.851 772.289 674.11 -11.5478
2.852 772.411 673.957 -11.5478
2.853 772.532 673.803 -11.5478
2.854 772.654 673.65 -11.5478
2.855 772.777 673.497 -11.5478
2.856 772.899 673.344 -11.5478
2.857 773.022 673.191 -11.5478
2.858 773.144 673.038 -11.5478
2.859 773.267 672.885 -11.5478
2.86 773.39 672.733 -11.5478
2.861 773.513 672.58 -11.5478
2.862 773.637 672.428 -11.5478
2.863 773.76 672.276 -11.5478
2.864 773.884 672.124 -11.5478
2.865 774.008 671.972 -11.5478
2.866 774.132 671.82 -11.5478
2.867 774.256 671.668 -11.5478
2.868 774.38 671.516 -11.5478
2.869 774.505 671.365 -11.5478
2.87 774.629 671.214 -11.5478
2.871 774.754 671.062 -11.5478
2.872 774.879 670.911 -11.5478
2.873 775.004 670.76 -11.5478
2.874 775.13 670.609 -11.5478
2.875 775.255 670.458 -11.5478
2.876 775.381 670.308 -11.5478
2.877 775.507 670.157 -11.5478
2.878 775.633 670.007 -11.5478
2.879 775.759 669.856 -11.5478
2.88 775.885 669.706 -11.5478
2.881 776.012 669.556 -11.5478
2.882 776.139 669.406 -11.5478
2.883 776.265 669.256 -11.5478
2.884 776.392 669.106 -11.5478
2.885 776.52 668.957 -11.5478
2.886 776.647 668.807 -11.5478
2.887 776.774 668.658 -11.5478
2.888 776.902 668.509 -11.5478
2.889 777.03 668.36 -11.5478
2.89 777.158 668.211 -11.5478
2.891 777.286 668.062 -11.5478
2.892 777.414 667.913 -11.5478
2.893 777.543 667.764 -11.5478
2.894 777.672 667.616 -11.5478
2.895 777.8 667.467 -11.5478
2.896 777.929 667.319 -11.5478
2.897 778.059 667.171 -11.5478
2.898 778.188 667.023 -11.5478
2.899 778.317 666.875 -11.5478
2.9 778.447 666.727 -11.5478
2.901 778.577 666.579 -11.5478
2.902 778.707 666.432 -11.5478
2.903 778.837 666.284 -11.5478
2.904 778.967 666.137 -11.5478
2.905 779.098 665.989 -11.5478
2.906 779.229 665.842 -11.5478
2.907 779.359 665.695 -11.5478
2.908 779.49 665.548 -11.5478
2.909 779.622 665.402 -11.5478
2.91 779.753 665.255 -11.5478
2.911 779.884 665.109 -11.5478
2.912 780.016 664.962 -11.5478
2.913 780.148 664.816 -11.5478
2.914 780.28 664.67 -11.5478
2.915 780.412 664.524 -11.5478
2.916 780.544 664.378 -11.5478
2.917 780.677 664.232 -11.5478
2.918 780.809 664.086 -11.5478
2.919 780.942 663.941 -11.5478
2.92 781.075 663.795 -11.5478
2.921 781.208 663.65 -11.5478
2.922 781.341 663.505 -11.5478
2.923 781.475 663.36 -11.5478
2.924 781.608 663.215 -11.5478
2.925 781.742 663.07 -11.5478
2.926 781.876 662.925 -11.5478
2.927 782.01 662.781 -11.5478
2.928 782.145 662.636 -11.5478
2.929 782.279 662.492 -11.5478
2.93 782.414 662.347 -11.5478
2.931 782.548 662.203 -11.5478
2.932 782.683 662.059 -11.5478
2.933 782.818 661.915 -11.5478
2.934 782.954 661.772 -11.5478
2.935 783.089 661.628 -11.5478
2.936 783.225 661.485 -11.5478
2.937 783.36 661.341 -11.5478
2.938 783.496 661.198 -11.5478
2.939 783.632 661.055 -11.5478
2.94 783.769 660.912 -11.5478
2.941 783.905 660.769 -11.5478
2.942 784.042 660.626 -11.5478
2.943 784.178 660.483 -11.5478
2.944 784.315 660.341 -11.5478
2.945 784.452 660.198 -11.5478
2.946 784.59 660.056 -11.5478
2.947 784.727 659.914 -11.5478
2.948 784.865 659.772 -11.5478
2.949 785.002 659.63 -11.5478
2.95 785.14 659.488 -11.5478
2.951 785.278 659.346 -11.5478
2.952 785.416 659.205 -11.5478
2.953 785.555 659.063 -11.5478
2.954 785.693 658.922 -11.5478
2.955 785.832 658.781 -11.5478
2.956 785.971 658.64 -11.5478
2.957 786.11 658.499 -11.5478
2.958 786.249 658.358 -11.5478
2.959 786.388 658.217 -11.5478
2.96 786.528 658.077 -11.5478
2.961 786.668 657.936 -11.5478
2.962 786.807 657.796 -11.5478
2.963 786.947 657.655 -11.5478
2.964 787.088 657.515 -11.5478
2.965 787.228 657.375 -11.5478
2.966 787.368 657.236 -11.5478
2.967 787.509 657.096 -11.5478
2.968 787.65 656.956 -11.5478
2.969 787.791 656.817 -11.5478
2.97 787.932 656.677 -11.5478
2.971 788.073 656.538 -11.5478
2.972 788.215 656.399 -11.5478
2.973 788.356 656.26 -11.5478
2.974 788.498 656.121 -11.5478
2.975 788.64 655.982 -11.5478
2.976 788.782 655.844 -11.5478
2.977 788.924 655.705 -11.5478
2.978 789.067 655.567 -11.5478
2.979 789.209 655.428 -11.5478
2.98 789.352 655.29 -11.5478
2.981 789.495 655.152 -11.5478
2.982 789.638 655.014 -11.5478
2.983 789.781 654.876 -11.5478
2.984 789.925 654.739 -11.5478
2.985 790.068 654.601 -11.5478
2.986 790.212 654.464 -11.5478
2.987 790.356 654.326 -11.5478
2.988 790.5 654.189 -11.5478
2.989 790.644 654.052 -11.5478
2.99 790.789 653.915 -11.5478
2.991 790.933 653.779 -11.5478
2.992 791.078 653.642 -11.5478
2.993 791.223 653.505 -11.5478
2.994 791.368 653.369 -11.5478
2.995 791.513 653.233 -11.5478
2.996 791.658 653.096 -11.5478
2.997 791.804 652.96 -11.5478
2.998 791.95 652.824 -11.5478
2.999 792.095 652.688 -11.5478
3 792.241 652.553 -11.5478
3.001 792.387 652.417 -11.5478
3.002 792.534 652.282 -11.5478
3.003 792.68 652.146 -11.5478
3.004 792.827 652.011 -11.5478
3.005 792.974 651.876 -11.5478
3.006 793.121 651.741 -11.5478
3.007 793.268 651.606 -11.5478
3.008 793.415 651.472 -11.5478
3.009 793.562 651.337 -11.5478
3.01 793.71 651.203 -11.5478
3.011 793.858 651.068 -11.5478
3.012 794.006 650.934 -11.5478
3.013 794.154 650.8 -11.5478
3.014 794.302 650.666 -11.5478
3.015 794.451 650.532 -11.5478
3.016 794.599 650.398 -11.5478
3.017 794.748 650.265 -11.5478
3.018 794.897 650.131 -11.5478
3.019 795.046 649.998 -11.5478
3.02 795.195 649.865 -11.5478
3.021 795.344 649.732 -11.5478
3.022 795.494 649.599 -11.5478
3.023 795.644 649.466 -11.5478
3.024 795.793 649.333 -11.5478
3.025 795.943 649.201 -11.5478
3.026 796.094 649.068 -11.5478
3.027 796.244 648.936 -11.5478
3.028 796.394 648.804 -11.5478
3.029 796.545 648.671 -11.5478
3.03 796.696 648.539 -11.5478
3.031 796.847 648.408 -11.5478
3.032 796.998 648.276 -11.5478
3.033 797.149 648.144 -11.5478
3.034 797.301 648.013 -11.5478
3.035 797.452 647.881 -11.5478
3.036 797.604 647.75 -11.5478
3.037 797.756 647.619 -11.5478
3.038 797.908 647.488 -11.5478
3.039 798.06 647.357 -11.5478
3.04 798.213 647.227 -11.5478
3.041 798.365 647.096 -11.5478
3.042 798.518 646.966 -11.5478
3.043 798.671 646.835 -11.5478
3.044 798.824 646.705 -11.5478
3.045 798.977 646.575 -11.5478
3.046 799.13 646.445 -11.5478
3.047 799.284 646.315 -11.5478
3.048 799.438 646.185 -11.5478
3.049 799.591 646.056 -11.5478
3.05 799.745 645.926 -11.5478
3.051 799.9 645.797 -11.5478
3.052 800.054 645.668 -11.5478
3.053 800.208 645.539 -11.5478
3.054 800.363 645.41 -11.5478
3.055 800.518 645.281 -11.5478
3.056 800.673 645.152 -11.5478
3.057 800.828 645.023 -11.5478
3.058 800.983 644.895 -11.5478
3.059 801.139 644.767 -11.5478
3.06 801.294 644.638 -11.5478
3.061 801.45 644.51 -11.5478
3.062 801.606 644.382 -11.5478
3.063 801.762 644.254 -11.5478
3.064 801.918 644.127 -11.5478
3.065 802.074 643.999 -11.5478
3.066 802.231 643.872 -11.5478
3.067 802.388 643.744 -11.5478
3.068 802.544 643.617 -11.5478
3.069 802.701 643.49 -11.5478
3.07 802.859 643.363 -11.5478
3.071 803.016 643.236 -11.5478
3.072 803.173 643.11 -11.5478
3.073 803.331 642.983 -11.5478
3.074 803.489 642.857 -11.5478
3.075 803.647 642.73 -11.5478
3.076 803.805 642.604 -11.5478
3.077 803.963 642.478 -11.5478
3.078 804.122 642.352 -11.5478
3.079 804.28 642.226 -11.5478
3.08 804.439 642.1 -11.5478
3.081 804.598 641.975 -11.5478
3.082 804.757 641.849 -11.5478
3.083 804.916 641.724 -11.5478
3.084 805.076 641.599 -11.5478
3.085 805.235 641.474 -11.5478
3.086 805.395 641.349 -11.5478
3.087 805.555 641.224 -11.5478
3.088 805.715 641.099 -11.5478
3.089 805.875 640.975 -11.5478
3.09 806.035 640.85 -11.5478
3.091 806.196 640.726 -11.5478
3.092 806.356 640.602 -11.5478
3.093 806.517 640.478 -11.5478
3.094 806.678 640.354 -11.5478
3.095 806.839 640.23 -11.5478
3.096 807 640.107 -11.5478
3.097 807.162 639.983 -11.5478
3.098 807.323 639.86 -11.5478
3.099 807.485 639.736 -11.5478
3.1 807.647 639.613 -11.5478
3.101 807.809 639.49 -11.5478
3.102 807.971 639.367 -11.5478
3.103 808.134 639.244 -11.5478
3.104 808.296 639.122 -11.5478
3.105 808.459 638.999 -11.5478
3.106 808.622 638.877 -11.5478
3.107 808.785 638.755 -11.5478
3.108 808.948 638.632 -11.5478
3.109 809.111 638.51 -11.5478
3.11 809.274 638.389 -11.5478
3.111 809.438 638.267 -11.5478
3.112 809.602 638.145 -11.5478
3.113 809.766 638.024 -11.5478
3.114 809.93 637.902 -11.5478
3.115 810.094 637.781 -11.5478
3.116 810.258 637.66 -11.5478
3.117 810.423 637.539 -11.5478
3.118 810.588 637.418 -11.5478
3.119 810.752 637.297 -11.5478
3.12 810.918 637.177 -11.5478
3.121 811.083 637.056 -11.5478
3.122 811.248 636.936 -11.5478
3.123 811.413 636.816 -11.5478
3.124 811.579 636.696 -11.5478
3.125 811.745 636.576 -11.5478
3.126 811.911 636.456 -11.5478
3.127 812.077 636.336 -11.5478
3.128 812.243 636.216 -11.5478
3.129 812.41 636.097 -11.5478
3.13 812.576 635.978 -11.5478
3.131 812.743 635.859 -11.5478
3.132 812.91 635.739 -11.5478
3.133 813.077 635.62 -11.5478
3.134 813.244 635.502 -11.5478
3.135 813.411 635.383 -11.5478
3.136 813.579 635.264 -11.5478
3.137 813.746 635.146 -11.5478
3.138 813.914 635.028 -11.5478
3.139 814.082 634.91 -11.5478
3.14 814.25 634.792 -11.5478
3.141 814.419 634.674 -11.5478
3.142 814.587 634.556 -11.5478
3.143 814.756 634.438 -11.5478
3.144 814.924 634.321 -11.5478
3.145 815.093 634.203 -11.5478
3.146 815.262 634.086 -11.5478
3.147 815.432 633.969 -11.5478
3.148 815.601 633.852 -11.5478
3.149 815.77 633.735 -11.5478
3.15 815.94 633.618 -11.5478
3.151 816.11 633.502 -11.5478
3.152 816.28 633.385 -11.5478
3.153 816.45 633.269 -11.5478
3.154 816.62 633.152 -11.5478
3.155 816.791 633.036 -11.5478
3.156 816.961 632.92 -11.5478
3.157 817.132 632.805 -11.5478
3.158 817.303 632.689 -11.5478
3.159 817.474 632.573 -11.5478
3.16 817.645 632.458 -11.5478
3.161 817.816 632.342 -11.5478
3.162 817.988 632.227 -11.5478
3.163 818.16 632.112 -11.5478
3.164 818.331 631.997 -11.5478
3.165 818.503 631.882 -11.5478
3.166 818.676 631.768 -11.5478
3.167 818.848 631.653 -11.5478
3.168 819.02 631.539 -11.5478
3.169 819.193 631.424 -11.5478
3.17 819.366 631.31 -11.5478
3.171 819.538 631.196 -11.5478
3.172 819.712 631.082 -11.5478
3.173 819.885 630.969 -11.5478
3.174 820.058 630.855 -11.5478
3.175 820.232 630.741 -11.5478
3.176 820.405 630.628 -11.5478
3.177 820.579 630.515 -11.5478
3.178 820.753 630.402 -11.5478
3.179 820.927 630.289 -11.5478
3.18 821.101 630.176 -11.5478
3.181 821.276 630.063 -11.5478
3.182 821.45 629.95 -11.5478
3.183 821.625 629.838 -11.5478
3.184 821.8 629.726 -11.5478
3.185 821.975 629.613 -11.5478
3.186 822.15 629.501 -11.5478
3.187 822.326 629.389 -11.5478
3.188 822.501 629.277 -11.5478
3.189 822.677 629.166 -11.5478
3.19 822.852 629.054 -11.5478
3.191 823.028 628.943 -11.5478
3.192 823.204 628.831 -11.5478
3.193 823.381 628.72 -11.5478
3.194 823.557 628.609 -11.5478
3.195 823.734 628.498 -11.5478
3.196 823.91 628.388 -11.5478
3.197 824.087 628.277 -11.5478
3.198 824.264 628.166 -11.5478
3.199 824.441 628.056 -11.5478
3.2 824.619 627.946 -11.5478
3.201 824.796 627.836 -11.5478
3.202 824.974 627.726 -11.5478
3.203 825.152 627.616 -11.5478
3.204 825.329 627.506 -11.5478
3.205 825.508 627.396 -11.5478
3.206 825.686 627.287 -11.5478
3.207 825.864 627.178 -11.5478
3.208 826.043 627.068 -11.5478
3.209 826.221 626.959 -11.5478
3.21 826.4 626.85 -11.5478
3.211 826.579 626.742 -11.5478
3.212 826.758 626.633 -11.5478
3.213 826.938 626.524 -11.5478
3.214 827.117 626.416 -11.5478
3.215 827.297 626.308 -11.5478
3.216 827.476 626.199 -11.5478
3.217 827.656 626.091 -11.5478
3.218 827.836 625.983 -11.5478
3.219 828.016 625.876 -11.5478
3.22 828.197 625.768 -11.5478
3.221 828.377 625.661 -11.5478
3.222 828.558 625.553 -11.5478
3.223 828.739 625.446 -11.5478
3.224 828.92 625.339 -11.5478
3.225 829.101 625.232 -11.5478
3.226 829.282 625.125 -11.5478
3.227 829.463 625.018 -11.5478
3.228 829.645 624.912 -11.5478
3.229 829.826 624.805 -11.5478
3.23 830.008 624.699 -11.5478
3.231 830.19 624.593 -11.5478
3.232 830.372 624.487 -11.5478
3.233 830.555 624.381 -11.5478
3.234 830.737 624.275 -11.5478
3.235 830.92 624.169 -11.5478
3.236 831.102 624.064 -11.5478
3.237 831.285 623.958 -11.5478
3.238 831.468 623.853 -11.5478
3.239 831.652 623.748 -11.5478
3.24 831.835 623.643 -11.5478
3.241 832.018 623.538 -11.5478
3.242 832.202 623.433 -11.5478
3.243 832.386 623.329 -11.5478
3.244 832.57 623.224 -11.5478
3.245 832.754 623.12 -11.5478
3.246 832.938 623.016 -11.5478
3.247 833.122 622.911 -11.5478
3.248 833.307 622.808 -11.5478
3.249 833.492 622.704 -11.5478
3.25 833.676 622.6 -11.5478
3.251 833.861 622.496 -11.5478
3.252 834.047 622.393 -11.5478
3.253 834.232 622.29 -11.5478
3.254 834.417 622.187 -11.5478
3.255 834.603 622.084 -11.5478
3.256 834.789 621.981 -11.5478
3.257 834.974 621.878 -11.5478
3.258 835.16 621.775 -11.5478
3.259 835.347 621.673 -11.5478
3.26 835.533 621.57 -11.5478
3.261 835.719 621.468 -11.5478
3.262 835.906 621.366 -11.5478
3.263 836.093 621.264 -11.5478
3.264 836.28 621.162 -11.5478
3.265 836.467 621.061 -11.5478
3.266 836.654 620.959 -11.5478
3.267 836.841 620.858 -11.5478
3.268 837.029 620.756 -11.5478
3.269 837.216 620.655 -11.5478
3.27 837.404 620.554 -11.5478
3.271 837.592 620.453 -11.5478
3.272 837.78 620.352 -11.5478
3.273 837.968 620.252 -11.5478
3.274 838.157 620.151 -11.5478
3.275 838.345 620.051 -11.5478
3.276 838.534 619.951 -11.5478
3.277 838.723 619.851 -11.5478
3.278 838.912 619.751 -11.5478
3.279 839.101 619.651 -11.5478
3.28 839.29 619.551 -11.5478
3.281 839.48 619.452 -11.5478
3.282 839.669 619.352 -11.5478
3.283 839.859 619.253 -11.5478
3.284 840.049 619.154 -11.5478
3.285 840.239 619.055 -11.5478
3.286 840.429 618.956 -11.5478
3.287 840.619 618.857 -11.5478
3.288 840.81 618.758 -11.5478
3.289 841 618.66 -11.5478
3.29 841.191 618.561 -11.5478
3.291 841.382 618.463 -11.5478
3.292 841.573 618.365 -11.5478
3.293 841.764 618.267 -11.5478
3.294 841.955 618.169 -11.5478
3.295 842.147 618.072 -11.5478
3.296 842.339 617.974 -11.5478
3.297 842.53 617.877 -11.5478
3.298 842.722 617.779 -11.5478
3.299 842.914 617.682 -11.5478
3.3 843.106 617.585 -11.5478
3.301 843.299 617.488 -11.5478
3.302 843.491 617.392 -11.5478
3.303 843.684 617.295 -11.5478
3.304 843.877 617.198 -11.5478
3.305 844.07 617.102 -11.5478
3.306 844.263 617.006 -11.5478
3.307 844.456 616.91 -11.5478
3.308 844.649 616.814 -11.5478
3.309 844.843 616.718 -11.5478
3.31 845.036 616.622 -11.5478
3.311 845.23 616.527 -11.5478
3.312 845.424 616.431 -11.5478
3.313 845.618 616.336 -11.5478
3.314 845.813 616.241 -11.5478
3.315 846.007 616.146 -11.5478
3.316 846.201 616.051 -11.5478
3.317 846.396 615.956 -11.5478
3.318 846.591 615.862 -11.5478
3.319 846.786 615.767 -11.5478
3.32 846.981 615.673 -11.5478
3.321 847.176 615.579 -11.5478
3.322 847.372 615.484 -11.5478
3.323 847.567 615.391 -11.5478
3.324 847.763 615.297 -11.5478
3.325 847.959 615.203 -11.5478
3.326 848.155 615.11 -11.5478
3.327 848.351 615.016 -11.5478
3.328 848.547 614.923 -11.5478
3.329 848.743 614.83 -11.5478
3.33 848.94 614.737 -11.5478
3.331 849.137 614.644 -11.5478
3.332 849.334 614.551 -11.5478
3.333 849.531 614.459 -11.5478
3.334 849.728 614.366 -11.5478
3.335 849.925 614.274 -11.5478
3.336 850.122 614.182 -11.5478
3.337 850.32 614.09 -11.5478
3.338 850.518 613.998 -11.5478
3.339 850.715 613.906 -11.5478
3.34 850.913 613.814 -11.5478
3.341 851.112 613.723 -11.5478
3.342 851.31 613.631 -11.5478
3.343 851.508 613.54 -11.5478
3.344 851.707 613.449 -11.5478
3.345 851.906 613.358 -11.5478
3.346 852.104 613.267 -11.5478
3.347 852.303 613.176 -11.5478
3.348 852.503 613.086 -11.5478
3.349 852.702 612.995 -11.5478
3.35 852.901 612.905 -11.5478
3.351 853.101 612.815 -11.5478
3.352 853.301 612.725 -11.5478
3.353 853.5 612.635 -11.5478
3.354 853.7 612.545 -11.5478
3.355 853.9 612.456 -11.5478
3.356 854.101 612.366 -11.5478
3.357 854.301 612.277 -11.5478
3.358 854.502 612.188 -11.5478
3.359 854.702 612.099 -11.5478
3.36 854.903 612.01 -11.5478
3.361 855.104 611.921 -11.5478
3.362 855.305 611.832 -11.5478
3.363 855.507 611.744 -11.5478
3.364 855.708 611.655 -11.5478
3.365 855.91 611.567 -11.5478
3.366 856.111 611.479 -11.5478
3.367 856.313 611.391 -11.5478
3.368 856.515 611.303 -11.5478
3.369 856.717 611.215 -11.5478
3.37 856.92 611.128 -11.5478
3.371 857.122 611.04 -11.5478
3.372 857.324 610.953 -11.5478
3.373 857.527 610.866 -11.5478
3.374 857.73 610.779 -11.5478
3.375 857.933 610.692 -11.5478
3.376 858.136 610.605 -11.5478
3.377 858.339 610.519 -11.5478
3.378 858.543 610.432 -11.5478
3.379 858.746 610.346 -11.5478
3.38 858.95 610.26 -11.5478
3.381 859.154 610.173 -11.5478
3.382 859.358 610.088 -11.5478
3.383 859.562 610.002 -11.5478
3.384 859.766 609.916 -11.5478
3.385 859.97 609.831 -11.5478
3.386 860.175 609.745 -11.5478
3.387 860.38 609.66 -11.5478
3.388 860.584 609.575 -11.5478
3.389 860.789 609.49 -11.5478
3.39 860.994 609.405 -11.5478
3.391 861.2 609.32 -11.5478
3.392 861.405 609.236 -11.5478
3.393 861.61 609.151 -11.5478
3.394 861.816 609.067 -11.5478
3.395 862.022 608.983 -11.5478
3.396 862.228 608.899 -11.5478
3.397 862.434 608.815 -11.5478
3.398 862.64 608.731 -11.5478
3.399 862.846 608.647 -11.5478
3.4 863.053 608.564 -11.5478
3.401 863.259 608.481 -11.5478
3.402 863.466 608.397 -11.5478
3.403 863.673 608.314 -11.5478
3.404 863.88 608.231 -11.5478
3.405 864.087 608.149 -11.5478
3.406 864.295 608.066 -11.5478
3.407 864.502 607.983 -11.5478
3.408 864.71 607.901 -11.5478
3.409 864.917 607.819 -11.5478
3.41 865.125 607.737 -11.5478
3.411 865.333 607.655 -11.5478
3.412 865.541 607.573 -11.5478
3.413 865.75 607.491 -11.5478
3.414 865.958 607.41 -11.5478
3.415 866.167 607.328 -11.5478
3.416 866.375 607.247 -11.5478
3.417 866.584 607.166 -11.5478
3.418 866.793 607.085 -11.5478
3.419 867.002 607.004 -11.5478
3.42 867.212 606.923 -11.5478
3.421 867.421 606.843 -11.5478
3.422 867.63 606.762 -11.5478
3.423 867.84 606.682 -11.5478
3.424 868.05 606.602 -11.5478
3.425 868.26 606.522 -11.5478
3.426 868.47 606.442 -11.5478
3.427 868.68 606.362 -11.5478
3.428 868.89 606.282 -11.5478
3.429 869.101 606.203 -11.5478
3.43 869.312 606.123 -11.5478
3.431 869.522 606.044 -11.5478
3.432 869.733 605.965 -11.5478
3.433 869.944 605.886 -11.5478
3.434 870.155 605.807 -11.5478
3.435 870.367 605.729 -11.5478
3.436 870.578 605.65 -11.5478
3.437 870.79 605.572 -11.5478
3.438 871.001 605.494 -11.5478
3.439 871.213 605.416 -11.5478
3.44 871.425 605.338 -11.5478
3.441 871.637 605.26 -11.5478
3.442 871.85 605.182 -11.5478
3.443 872.062 605.105 -11.5478
3.444 872.275 605.027 -11.5478
3.445 872.487 604.95 -11.5478
3.446 872.7 604.873 -11.5478
3.447 872.913 604.796 -11.5478
3.448 873.126 604.719 -11.5478
3.449 873.339 604.642 -11.5478
3.45 873.553 604.566 -11.5478
3.451 873.766 604.489 -11.5478
3.452 873.98 604.413 -11.5478
3.453 874.194 604.337 -11.5478
3.454 874.407 604.261 -11.5478
3.455 874.621 604.185 -11.5478
3.456 874.836 604.109 -11.5478
3.457 875.05 604.033 -11.5478
3.458 875.264 603.958 -11.5478
3.459 875.479 603.882 -11.5478
3.46 875.694 603.807 -11.5478
3.461 875.908 603.732 -11.5478
3.462 876.123 603.657 -11.5478
3.463 876.339 603.583 -11.5478
3.464 876.554 603.508 -11.5478
3.465 876.769 603.433 -11.5478
3.466 876.985 603.359 -11.5478
3.467 877.2 603.285 -11.5478
3.468 877.416 603.211 -11.5478
3.469 877.632 603.137 -11.5478
3.47 877.848 603.063 -11.5478
3.471 878.064 602.989 -11.5478
3.472 878.281 602.916 -11.5478
3.473 878.497 602.842 -11.5478
3.474 878.714 602.769 -11.5478
3.475 878.93 602.696 -11.5478
3.476 879.147 602.623 -11.5478
3.477 879.364 602.55 -11.5478
3.478 879.581 602.478 -11.5478
3.479 879.799 602.405 -11.5478
3.48 880.016 602.333 -11.5478
3.481 880.233 602.26 -11.5478
3.482 880.451 602.188 -11.5478
3.483 880.669 602.116 -11.5478
3.484 880.887 602.044 -11.5478
3.485 881.105 601.973 -11.5478
3.486 881.323 601.901 -11.5478
3.487 881.541 601.83 -11.5478
3.488 881.76 601.758 -11.5478
3.489 881.978 601.687 -11.5478
3.49 882.197 601.616 -11.5478
3.491 882.416 601.545 -11.5478
3.492 882.635 601.475 -11.5478
3.493 882.854 601.404 -11.5478
3.494 883.073 601.334 -11.5478
3.495 883.293 601.263 -11.5478
3.496 883.512 601.193 -11.5478
3.497 883.732 601.123 -11.5478
3.498 883.952 601.053 -11.5478
3.499 884.171 600.983 -11.5478
3.5 884.391 600.914 -11.5478
3.501 884.612 600.844 -11.5478
3.502 884.832 600.775 -11.5478
3.503 885.052 600.706 -11.5478
3.504 885.273 600.637 -11.5478
3.505 885.494 600.568 -11.5478
3.506 885.714 600.499 -11.5478
3.507 885.935 600.43 -11.5478
3.508 886.156 600.362 -11.5478
3.509 886.378 600.294 -11.5478
3.51 886.599 600.225 -11.5478
3.511 886.821 600.157 -11.5478
3.512 887.042 600.089 -11.5478
3.513 887.264 600.022 -11.5478
3.514 887.486 599.954 -11.5478
3.515 887.708 599.886 -11.5478
3.516 887.93 599.819 -11.5478
3.517 888.152 599.752 -11.5478
3.518 888.374 599.685 -11.5478
3.519 888.597 599.618 -11.5478
3.52 888.82 599.551 -11.5478
3.521 889.042 599.484 -11.5478
3.522 889.265 599.418 -11.5478
3.523 889.488 599.352 -11.5478
3.524 889.712 599.285 -11.5478
3.525 889.935 599.219 -11.5478
3.526 890.158 599.153 -11.5478
3.527 890.382 599.087 -11.5478
3.528 890.606 599.022 -11.5478
3.529 890.829 598.956 -11.5478
3.53 891.053 598.891 -11.5478
3.531 891.277 598.826 -11.5478
3.532 891.502 598.76 -11.5478
3.533 891.726 598.696 -11.5478
3.534 891.95 598.631 -11.5478
3.535 892.175 598.566 -11.5478
3.536 892.4 598.501 -11.5478
3.537 892.624 598.437 -11.5478
3.538 892.849 598.373 -11.5478
3.539 893.075 598.309 -11.5478
3.54 893.3 598.245 -11.5478
3.541 893.525 598.181 -11.5478
3.542 893.751 598.117 -11.5478
3.543 893.976 598.054 -11.5478
3.544 894.202 597.99 -11.5478
3.545 894.428 597.927 -11.5478
3.546 894.654 597.864 -11.5478
3.547 894.88 597.801 -11.5478
3.548 895.106 597.738 -11.5478
3.549 895.333 597.675 -11.5478
3.55 895.559 597.613 -11.5478
3.551 895.786 597.55 -11.5478
3.552 896.012 597.488 -11.5478
3.553 896.239 597.426 -11.5478
3.554 896.466 597.364 -11.5478
3.555 896.694 597.302 -11.5478
3.556 896.921 597.24 -11.5478
3.557 897.148 597.179 -11.5478
3.558 897.376 597.117 -11.5478
3.559 897.603 597.056 -11.5478
3.56 897.831 596.995 -11.5478
3.561 898.059 596.934 -11.5478
3.562 898.287 596.873 -11.5478
3.563 898.515 596.812 -11.5478
3.564 898.743 596.752 -11.5478
3.565 898.972 596.691 -11.5478
3.566 899.2 596.631 -11.5478
3.567 899.429 596.571 -11.5478
3.568 899.658 596.511 -11.5478
3.569 899.887 596.451 -11.5478
3.57 900.116 596.391 -11.5478
3.571 900.345 596.332 -11.5478
3.572 900.574 596.272 -11.5478
3.573 900.804 596.213 -11.5478
3.574 901.033 596.154 -11.5478
3.575 901.263 596.095 -11.5478
3.576 901.493 596.036 -11.5478
3.577 901.722 595.977 -11.5478
3.578 901.953 595.919 -11.5478
3.579 902.183 595.86 -11.5478
3.58 902.413 595.802 -11.5478
3.581 902.643 595.744 -11.5478
3.582 902.874 595.686 -11.5478
3.583 903.105 595.628 -11.5478
3.584 903.335 595.57 -11.5478
3.585 903.566 595.513 -11.5478
3.586 903.797 595.455 -11.5478
3.587 904.028 595.398 -11.5478
3.588 904.26 595.341 -11.5478
3.589 904.491 595.284 -11.5478
3.59 904.723 595.227 -11.5478
3.591 904.954 595.17 -11.5478
3.592 905.186 595.114 -11.5478
3.593 905.418 595.057 -11.5478
3.594 905.65 595.001 -11.5478
3.595 905.882 594.945 -11.5478
3.596 906.114 594.889 -11.5478
3.597 906.347 594.833 -11.5478
3.598 906.579 594.778 -11.5478
3.599 906.812 594.722 -11.5478
3.6 907.045 594.667 -11.5478
3.601 907.277 594.611 -11.5478
3.602 907.51 594.556 -11.5478
3.603 907.744 594.501 -11.5478
3.604 907.977 594.446 -11.5478
3.605 908.21 594.392 -11.5478
3.606 908.444 594.337 -11.5478
3.607 908.677 594.283 -11.5478
3.608 908.911 594.228 -11.5478
3.609 909.145 594.174 -11.5478
3.61 909.379 594.12 -11.5478
3.611 909.613 594.066 -11.5478
3.612 909.847 594.013 -11.5478
3.613 910.081 593.959 -11.5478
3.614 910.316 593.906 -11.5478
3.615 910.55 593.852 -11.5478
3.616 910.785 593.799 -11.5478
3.617 911.02 593.746 -11.5478
3.618 911.255 593.694 -11.5478
3.619 911.49 593.641 -11.5478
3.62 911.725 593.588 -11.5478
3.621 911.96 593.536 -11.5478
3.622 912.196 593.484 -11.5478
3.623 912.431 593.432 -11.5478
3.624 912.667 593.38 -11.5478
3.625 912.903 593.328 -11.5478
3.626 913.139 593.276 -11.5478
3.627 913.375 593.225 -11.5478
3.628 913.611 593.173 -11.5478
3.629 913.847 593.122 -11.5478
3.63 914.083 593.071 -11.5478
3.631 914.32 593.02 -11.5478
3.632 914.557 592.969 -11.5478
3.633 914.793 592.918 -11.5478
3.634 915.03 592.868 -11.5478
3.635 915.267 592.817 -11.5478
3.636 915.504 592.767 -11.5478
3.637 915.741 592.717 -11.5478
3.638 915.979 592.667 -11.5478
3.639 916.216 592.617 -11.5478
3.64 916.454 592.568 -11.5478
3.641 916.691 592.518 -11.5478
3.642 916.929 592.469 -11.5478
3.643 917.167 592.42 -11.5478
3.644 917.405 592.371 -11.5478
3.645 917.643 592.322 -11.5478
3.646 917.882 592.273 -11.5478
3.647 918.12 592.224 -11.5478
3.648 918.359 592.176 -11.5478
3.649 918.597 592.127 -11.5478
3.65 918.836 592.079 -11.5478
3.651 919.075 592.031 -11.5478
3.652 919.314 591.983 -11.5478
3.653 919.553 591.935 -11.5478
3.654 919.792 591.888 -11.5478
3.655 920.031 591.84 -11.5478
3.656 920.271 591.793 -11.5478
3.657 920.51 591.746 -11.5478
3.658 920.75 591.699 -11.5478
3.659 920.99 591.652 -11.5478
3.66 921.23 591.605 -11.5478
3.661 921.47 591.559 -11.5478
3.662 921.71 591.512 -11.5478
3.663 921.95 591.466 -11.5478
3.664 922.191 591.42 -11.5478
3.665 922.431 591.374 -11.5478
3.666 922.672 591.328 -11.5478
3.667 922.912 591.282 -11.5478
3.668 923.153 591.236 -11.5478
3.669 923.394 591.191 -11.5478
3.67 923.635 591.146 -11.5478
3.671 923.876 591.101 -11.5478
3.672 924.118 591.056 -11.5478
3.673 924.359 591.011 -11.5478
3.674 924.601 590.966 -11.5478
3.675 924.842 590.922 -11.5478
3.676 925.084 590.877 -11.5478
3.677 925.326 590.833 -11.5478
3.678 925.568 590.789 -11.5478
3.679 925.81 590.745 -11.5478
3.68 926.052 590.701 -11.5478
3.681 926.295 590.657 -11.5478
3.682 926.537 590.614 -11.5478
3.683 926.78 590.57 -11.5478
3.684 927.022 590.527 -11.5478
3.685 927.265 590.484 -11.5478
3.686 927.508 590.441 -11.5478
3.687 927.751 590.398 -11.5478
3.688 927.994 590.356 -11.5478
3.689 928.237 590.313 -11.5478
3.69 928.481 590.271 -11.5478
3.691 928.724 590.228 -11.5478
3.692 928.968 590.186 -11.5478
3.693 929.211 590.144 -11.5478
3.694 929.455 590.103 -11.5478
3.695 929.699 590.061 -11.5478
3.696 929.943 590.02 -11.5478
3.697 930.187 589.978 -11.5478
3.698 930.431 589.937 -11.5478
3.699 930.676 589.896 -11.5478
3.7 930.92 589.855 -11.5478
3.701 931.165 589.814 -11.5478
3.702 931.41 589.774 -11.5478
3.703 931.654 589.733 -11.5478
3.704 931.899 589.693 -11.5478
3.705 932.144 589.653 -11.5478
3.706 932.389 589.613 -11.5478
3.707 932.635 589.573 -11.5478
3.708 932.88 589.533 -11.5478
3.709 933.126 589.494 -11.5478
3.71 933.371 589.454 -11.5478
3.711 933.617 589.415 -11.5478
3.712 933.863 589.376 -11.5478
3.713 934.109 589.337 -11.5478
3.714 934.355 589.298 -11.5478
3.715 934.601 589.259 -11.5478
3.716 934.847 589.221 -11.5478
3.717 935.093 589.182 -11.5478
3.718 935.34 589.144 -11.5478
3.719 935.586 589.106 -11.5478
3.72 935.833 589.068 -11.5478
3.721 936.08 589.03 -11.5478
3.722 936.327 588.993 -11.5478
3.723 936.574 588.955 -11.5478
3.724 936.821 588.918 -11.5478
3.725 937.068 588.881 -11.5478
3.726 937.315 588.844 -11.5478
3.727 937.563 588.807 -11.5478
3.728 937.81 588.77 -11.5478
3.729 938.058 588.733 -11.5478
3.73 938.306 588.697 -11.5478
3.731 938.554 588.661 -11.5478
3.732 938.802 588.624 -11.5478
3.733 939.05 588.588 -11.5478
3.734 939.298 588.552 -11.5478
3.735 939.546 588.517 -11.5478
3.736 939.795 588.481 -11.5478
3.737 940.043 588.446 -11.5478
3.738 940.292 588.41 -11.5478
3.739 940.541 588.375 -11.5478
3.74 940.789 588.34 -11.5478
3.741 941.038 588.306 -11.5478
3.742 941.287 588.271 -11.5478
3.743 941.537 588.236 -11.5478
3.744 941.786 588.202 -11.5478
3.745 942.035 588.168 -11.5478
3.746 942.285 588.134 -11.5478
3.747 942.534 588.1 -11.5478
3.748 942.784 588.066 -11.5478
3.749 943.034 588.032 -11.5478
3.75 943.284 587.999 -11.5478
3.751 943.534 587.965 -11.5478
3.752 943.784 587.932 -11.5478
3.753 944.034 587.899 -11.5478
3.754 944.284 587.866 -11.5478
3.755 944.535 587.833 -11.5478
3.756 944.785 587.801 -11.5478
3.757 945.036 587.768 -11.5478
3.758 945.287 587.736 -11.5478
3.759 945.538 587.704 -11.5478
3.76 945.789 587.672 -11.5478
3.761 946.04 587.64 -11.5478
3.762 946.291 587.608 -11.5478
3.763 946.542 587.577 -11.5478
3.764 946.793 587.545 -11.5478
3.765 947.045 587.514 -11.5478
3.766 947.296 587.483 -11.5478
3.767 947.548 587.452 -11.5478
3.768 947.8 587.421 -11.5478
3.769 948.052 587.391 -11.5478
3.77 948.304 587.36 -11.5478
3.771 948.556 587.33 -11.5478
3.772 948.808 587.299 -11.5478
3.773 949.06 587.269 -11.5478
3.774 949.313 587.239 -11.5478
3.775 949.565 587.21 -11.5478
3.776 949.818 587.18 -11.5478
3.777 950.071 587.151 -11.5478
3.778 950.323 587.121 -11.5478
3.779 950.576 587.092 -11.5478
3.78 950.829 587.063 -11.5478
3.781 951.083 587.034 -11.5478
3.782 951.336 587.006 -11.5478
3.783 951.589 586.977 -11.5478
3.784 951.842 586.949 -11.5478
3.785 952.096 586.92 -11.5478
3.786 952.35 586.892 -11.5478
3.787 952.603 586.864 -11.5478
3.788 952.857 586.836 -11.5478
3.789 953.111 586.809 -11.5478
3.79 953.365 586.781 -11.5478
3.791 953.619 586.754 -11.5478
3.792 953.873 586.727 -11.5478
3.793 954.128 586.7 -11.5478
3.794 954.382 586.673 -11.5478
3.795 954.637 586.646 -11.5478
3.796 954.891 586.619 -11.5478
3.797 955.146 586.593 -11.5478
3.798 955.401 586.566 -11.5478
3.799 955.656 586.54 -11.5478
3.8 955.911 586.514 -11.5478
3.801 956.166 586.488 -11.5478
3.802 956.421 586.463 -11.5478
3.803 956.677 586.437 -11.5478
3.804 956.932 586.412 -11.5478
3.805 957.187 586.387 -11.5478
3.806 957.443 586.361 -11.5478
3.807 957.699 586.336 -11.5478
3.808 957.955 586.312 -11.5478
3.809 958.211 586.287 -11.5478
3.81 958.467 586.263 -11.5478
3.811 958.723 586.238 -11.5478
3.812 958.979 586.214 -11.5478
3.813 959.235 586.19 -11.5478
3.814 959.492 586.166 -11.5478
3.815 959.748 586.142 -11.5478
3.816 960.005 586.119 -11.5478
3.817 960.261 586.095 -11.5478
3.818 960.518 586.072 -11.5478
3.819 960.775 586.049 -11.5478
3.82 961.032 586.026 -11.5478
3.821 961.289 586.003 -11.5478
3.822 961.546 585.98 -11.5478
3.823 961.803 585.958 -11.5478
3.824 962.061 585.935 -11.5478
3.825 962.318 585.913 -11.5478
3.826 962.576 585.891 -11.5478
3.827 962.833 585.869 -11.5478
3.828 963.091 585.847 -11.5478
3.829 963.349 585.826 -11.5478
3.83 963.607 585.804 -11.5478
3.831 963.865 585.783 -11.5478
3.832 964.123 585.762 -11.5478
3.833 964.381 585.741 -11.5478
3.834 964.64 585.72 -11.5478
3.835 964.898 585.699 -11.5478
3.836 965.157 585.679 -11.5478
3.837 965.415 585.658 -11.5478
3.838 965.674 585.638 -11.5478
3.839 965.933 585.618 -11.5478
3.84 966.191 585.598 -11.5478
3.841 966.45 585.578 -11.5478
3.842 966.71 585.559 -11.5478
3.843 966.969 585.539 -11.5478
3.844 967.228 585.52 -11.5478
3.845 967.487 585.5 -11.5478
3.846 967.747 585.481 -11.5478
3.847 968.006 585.463 -11.5478
3.848 968.266 585.444 -11.5478
3.849 968.526 585.425 -11.5478
3.85 968.785 585.407 -11.5478
3.851 969.045 585.389 -11.5478
3.852 969.305 585.37 -11.5478
3.853 969.565 585.352 -11.5478
3.854 969.825 585.335 -11.5478
3.855 970.086 585.317 -11.5478
3.856 970.346 585.299 -11.5478
3.857 970.606 585.282 -11.5478
3.858 970.867 585.265 -11.5478
3.859 971.128 585.248 -11.5478
3.86 971.388 585.231 -11.5478
3.861 971.649 585.214 -11.5478
3.862 971.91 585.198 -11.5478
3.863 972.171 585.181 -11.5478
3.864 972.432 585.165 -11.5478
3.865 972.693 585.149 -11.5478
3.866 972.954 585.133 -11.5478
3.867 973.216 585.117 -11.5478
3.868 973.477 585.101 -11.5478
3.869 973.739 585.086 -11.5478
3.87 974 585.07 -11.5478
3.871 974.262 585.055 -11.5478
3.872 974.524 585.04 -11.5478
3.873 974.786 585.025 -11.5478
3.874 975.048 585.01 -11.5478
3.875 975.31 584.996 -11.5478
3.876 975.572 584.981 -11.5478
3.877 975.834 584.967 -11.5478
3.878 976.096 584.953 -11.5478
3.879 976.359 584.939 -11.5478
3.88 976.621 584.925 -11.5478
3.881 976.884 584.912 -11.5478
3.882 977.147 584.898 -11.5478
3.883 977.409 584.885 -11.5478
3.884 977.672 584.871 -11.5478
3.885 977.935 584.858 -11.5478
3.886 978.198 584.845 -11.5478
3.887 978.461 584.833 -11.5478
3.888 978.724 584.82 -11.5478
3.889 978.988 584.808 -11.5478
3.89 979.251 584.795 -11.5478
3.891 979.514 584.783 -11.5478
3.892 979.778 584.771 -11.5478
3.893 980.042 584.759 -11.5478
3.894 980.305 584.748 -11.5478
3.895 980.569 584.736 -11.5478
3.896 980.833 584.725 -11.5478
3.897 981.097 584.714 -11.5478
3.898 981.361 584.703 -11.5478
3.899 981.625 584.692 -11.5478
3.9 981.889 584.681 -11.5478
3.901 982.153 584.67 -11.5478
3.902 982.418 584.66 -11.5478
3.903 982.682 584.65 -11.5478
3.904 982.947 584.64 -11.5478
3.905 983.211 584.63 -11.5478
3.906 983.476 584.62 -11.5478
3.907 983.741 584.61 -11.5478
3.908 984.006 584.601 -11.5478
3.909 984.271 584.591 -11.5478
3.91 984.536 584.582 -11.5478
3.911 984.801 584.573 -11.5478
3.912 985.066 584.564 -11.5478
3.913 985.331 584.555 -11.5478
3.914 985.597 584.547 -11.5478
3.915 985.862 584.538 -11.5478
3.916 986.128 584.53 -11.5478
3.917 986.393 584.522 -11.5478
3.918 986.659 584.514 -11.5478
3.919 986.925 584.506 -11.5478
3.92 987.191 584.499 -11.5478
3.921 987.457 584.491 -11.5478
3.922 987.723 584.484 -11.5478
3.923 987.989 584.477 -11.5478
3.924 988.255 584.47 -11.5478
3.925 988.521 584.463 -11.5478
3.926 988.787 584.456 -11.5478
3.927 989.054 584.45 -11.5478
3.928 989.32 584.443 -11.5478
3.929 989.587 584.437 -11.5478
3.93 989.854 584.431 -11.5478
3.931 990.12 584.425 -11.5478
3.932 990.387 584.419 -11.5478
3.933 990.654 584.413 -11.5478
3.934 990.921 584.408 -11.5478
3.935 991.188 584.403 -11.5478
3.936 991.455 584.398 -11.5478
3.937 991.722 584.393 -11.5478
3.938 991.99 584.388 -11.5478
3.939 992.257 584.383 -11.5478
3.94 992.525 584.379 -11.5478
3.941 992.792 584.374 -11.5478
3.942 993.06 584.37 -11.5478
3.943 993.327 584.366 -11.5478
3.944 993.595 584.362 -11.5478
3.945 993.863 584.358 -11.5478
3.946 994.131 584.355 -11.5478
3.947 994.399 584.351 -11.5478
3.948 994.667 584.348 -11.5478
3.949 994.935 584.345 -11.5478
3.95 995.203 584.342 -11.5478
3.951 995.471 584.339 -11.5478
3.952 995.74 584.336 -11.5478
3.953 996.008 584.334 -11.5478
3.954 996.277 584.332 -11.5478
3.955 996.545 584.329 -11.5478
3.956 996.814 584.327 -11.5478
3.957 997.083 584.326 -11.5478
3.958 997.352 584.324 -11.5478
3.959 997.62 584.322 -11.5478
3.96 997.889 584.321 -11.5478
3.961 998.158 584.32 -11.5478
3.962 998.428 584.319 -11.5478
3.963 998.697 584.318 -11.5478
3.964 998.966 584.317 -11.5478
3.965 999.235 584.316 -11.5478
3.966 999.505 584.316 -11.5478
3.967 999.774 584.316 -11.5478
3.968 1000.04 584.315 -11.5478
3.969 1000.31 584.315 -11.5478
3.97 1000.58 584.316 -11.5478
3.971 1000.85 584.316 -11.5478
3.972 1001.12 584.316 -11.5478
3.973 1001.39 584.317 -11.5478
3.974 1001.66 584.318 -11.5478
3.975 1001.93 584.319 -11.5478
3.976 1002.2 584.32 -11.5478
3.977 1002.47 584.321 -11.5478
3.978 1002.74 584.323 -11.5478
3.979 1003.01 584.324 -11.5478
3.98 1003.28 584.326 -11.5478
3.981 1003.55 584.328 -11.5478
3.982 1003.82 584.33 -11.5478
3.983 1004.1 584.332 -11.5478
3.984 1004.37 584.335 -11.5478
3.985 1004.64 584.337 -11.5478
3.986 1004.91 584.34 -11.5478
3.987 1005.18 584.343 -11.5478
3.988 1005.45 584.346 -11.5478
3.989 1005.72 584.349 -11.5478
3.99 1005.99 584.352 -11.5478
3.991 1006.26 584.356 -11.5478
3.992 1006.53 584.36 -11.5478
3.993 1006.81 584.363 -11.5478
3.994 1007.08 584.367 -11.5478
3.995 1007.35 584.372 -11.5478
3.996 1007.62 584.376 -11.5478
3.997 1007.89 584.38 -11.5478
3.998 1008.16 584.385 -11.5478
3.999 1008.43 584.39 -11.5478
4 1008.71 584.395 -11.5478
4.001 1008.98 584.4 -11.5478
4.002 1009.25 584.405 -11.5478
4.003 1009.52 584.41 -11.5478
4.004 1009.79 584.416 -11.5478
4.005 1010.07 584.422 -11.5478
4.006 1010.34 584.428 -11.5478
4.007 1010.61 584.434 -11.5478
4.008 1010.88 584.44 -11.5478
4.009 1011.16 584.446 -11.5478
4.01 1011.43 584.453 -11.5478
4.011 1011.7 584.459 -11.5478
4.012 1011.97 584.466 -11.5478
4.013 1012.25 584.473 -11.5478
4.014 1012.52 584.48 -11.5478
4.015 1012.79 584.488 -11.5478
4.016 1013.06 584.495 -11.5478
4.017 1013.34 584.503 -11.5478
4.018 1013.61 584.511 -11.5478
4.019 1013.88 584.519 -11.5478
4.02 1014.16 584.527 -11.5478
4.021 1014.43 584.535 -11.5478
4.022 1014.7 584.543 -11.5478
4.023 1014.98 584.552 -11.5478
4.024 1015.25 584.561 -11.5478
4.025 1015.52 584.57 -11.5478
4.026 1015.8 584.579 -11.5478
4.027 1016.07 584.588 -11.5478
4.028 1016.34 584.597 -11.5478
4.029 1016.62 584.607 -11.5478
4.03 1016.89 584.617 -11.5478
4.031 1017.16 584.626 -11.5478
4.032 1017.44 584.636 -11.5478
4.033 1017.71 584.647 -11.5478
4.034 1017.99 584.657 -11.5478
4.035 1018.26 584.668 -11.5478
4.036 1018.53 584.678 -11.5478
4.037 1018.81 584.689 -11.5478
4.038 1019.08 584.7 -11.5478
4.039 1019.36 584.711 -11.5478
4.04 1019.63 584.723 -11.5478
4.041 1019.9 584.734 -11.5478
4.042 1020.18 584.746 -11.5478
4.043 1020.45 584.757 -11.5478
4.044 1020.73 584.769 -11.5478
4.045 1021 584.782 -11.5478
4.046 1021.28 584.794 -11.5478
4.047 1021.55 584.806 -11.5478
4.048 1021.83 584.819 -11.5478
4.049 1022.1 584.832 -11.5478
4.05 1022.38 584.845 -11.5478
4.051 1022.65 584.858 -11.5478
4.052 1022.93 584.871 -11.5478
4.053 1023.2 584.884 -11.5478
4.054 1023.48 584.898 -11.5478
4.055 1023.75 584.912 -11.5478
4.056 1024.03 584.925 -11.5478
4.057 1024.3 584.94 -11.5478
4.058 1024.58 584.954 -11.5478
4.059 1024.85 584.968 -11.5478
4.06 1025.13 584.983 -11.5478
4.061 1025.4 584.997 -11.5478
4.062 1025.68 585.012 -11.5478
4.063 1025.96 585.027 -11.5478
4.064 1026.23 585.042 -11.5478
4.065 1026.51 585.058 -11.5478
4.066 1026.78 585.073 -11.5478
4.067 1027.06 585.089 -11.5478
4.068 1027.33 585.105 -11.5478
4.069 1027.61 585.121 -11.5478
4.07 1027.89 585.137 -11.5478
4.071 1028.16 585.153 -11.5478
4.072 1028.44 585.17 -11.5478
4.073 1028.71 585.186 -11.5478
4.074 1028.99 585.203 -11.5478
4.075 1029.27 585.22 -11.5478
4.076 1029.54 585.237 -11.5478
4.077 1029.82 585.255 -11.5478
4.078 1030.1 585.272 -11.5478
4.079 1030.37 585.29 -11.5478
4.08 1030.65 585.307 -11.5478
4.081 1030.93 585.325 -11.5478
4.082 1031.2 585.343 -11.5478
4.083 1031.48 585.362 -11.5478
4.084 1031.76 585.38 -11.5478
4.085 1032.03 585.399 -11.5478
4.086 1032.31 585.417 -11.5478
4.087 1032.59 585.436 -11.5478
4.088 1032.86 585.455 -11.5478
4.089 1033.14 585.475 -11.5478
4.09 1033.42 585.494 -11.5478
4.091 1033.69 585.514 -11.5478
4.092 1033.97 585.533 -11.5478
4.093 1034.25 585.553 -11.5478
4.094 1034.53 585.573 -11.5478
4.095 1034.8 585.594 -11.5478
4.096 1035.08 585.614 -11.5478
4.097 1035.36 585.634 -11.5478
4.098 1035.63 585.655 -11.5478
4.099 1035.91 585.676 -11.5478
4.1 1036.19 585.697 -11.5478
4.101 1036.47 585.718 -11.5478
4.102 1036.75 585.74 -11.5478
4.103 1037.02 585.761 -11.5478
4.104 1037.3 585.783 -11.5478
4.105 1037.58 585.805 -11.5478
4.106 1037.86 585.827 -11.5478
4.107 1038.13 585.849 -11.5478
4.108 1038.41 585.871 -11.5478
4.109 1038.69 585.894 -11.5478
4.11 1038.97 585.916 -11.5478
4.111 1039.25 585.939 -11.5478
4.112 1039.52 585.962 -11.5478
4.113 1039.8 585.985 -11.5478
4.114 1040.08 586.009 -11.5478
4.115 1040.36 586.032 -11.5478
4.116 1040.64 586.056 -11.5478
4.117 1040.91 586.08 -11.5478
4.118 1041.19 586.104 -11.5478
4.119 1041.47 586.128 -11.5478
4.12 1041.75 586.152 -11.5478
4.121 1042.03 586.177 -11.5478
4.122 1042.31 586.201 -11.5478
4.123 1042.58 586.226 -11.5478
4.124 1042.86 586.251 -11.5478
4.125 1043.14 586.276 -11.5478
4.126 1043.42 586.301 -11.5478
4.127 1043.7 586.327 -11.5478
4.128 1043.98 586.352 -11.5478
4.129 1044.26 586.378 -11.5478
4.13 1044.54 586.404 -11.5478
4.131 1044.81 586.43 -11.5478
4.132 1045.09 586.457 -11.5478
4.133 1045.37 586.483 -11.5478
4.134 1045.65 586.51 -11.5478
4.135 1045.93 586.536 -11.5478
4.136 1046.21 586.563 -11.5478
4.137 1046.49 586.59 -11.5478
4.138 1046.77 586.618 -11.5478
4.139 1047.05 586.645 -11.5478
4.14 1047.33 586.673 -11.5478
4.141 1047.61 586.701 -11.5478
4.142 1047.88 586.728 -11.5478
4.143 1048.16 586.757 -11.5478
4.144 1048.44 586.785 -11.5478
4.145 1048.72 586.813 -11.5478
4.146 1049 586.842 -11.5478
4.147 1049.28 586.871 -11.5478
4.148 1049.56 586.9 -11.5478
4.149 1049.84 586.929 -11.5478
4.15 1050.12 586.958 -11.5478
4.151 1050.4 586.987 -11.5478
4.152 1050.68 587.017 -11.5478
4.153 1050.96 587.047 -11.5478
4.154 1051.24 587.077 -11.5478
4.155 1051.52 587.107 -11.5478
4.156 1051.8 587.137 -11.5478
4.157 1052.08 587.167 -11.5478
4.158 1052.36 587.198 -11.5478
4.159 1052.64 587.229 -11.5478
4.16 1052.92 587.26 -11.5478
4.161 1053.2 587.291 -11.5478
4.162 1053.48 587.322 -11.5478
4.163 1053.76 587.353 -11.5478
4.164 1054.04 587.385 -11.5478
4.165 1054.32 587.417 -11.5478
4.166 1054.6 587.448 -11.5478
4.167 1054.88 587.481 -11.5478
4.168 1055.16 587.513 -11.5478
4.169 1055.44 587.545 -11.5478
4.17 1055.72 587.578 -11.5478
4.171 1056 587.611 -11.5478
4.172 1056.28 587.643 -11.5478
4.173 1056.56 587.676 -11.5478
4.174 1056.84 587.71 -11.5478
4.175 1057.12 587.743 -11.5478
4.176 1057.4 587.777 -11.5478
4.177 1057.68 587.81 -11.5478
4.178 1057.96 587.844 -11.5478
4.179 1058.24 587.878 -11.5478
4.18 1058.52 587.913 -11.5478
4.181 1058.8 587.947 -11.5478
4.182 1059.08 587.982 -11.5478
4.183 1059.36 588.016 -11.5478
4.184 1059.65 588.051 -11.5478
4.185 1059.93 588.086 -11.5478
4.186 1060.21 588.122 -11.5478
4.187 1060.49 588.157 -11.5478
4.188 1060.77 588.193 -11.5478
4.189 1061.05 588.228 -11.5478
4.19 1061.33 588.264 -11.5478
4.191 1061.61 588.3 -11.5478
4.192 1061.89 588.337 -11.5478
4.193 1062.17 588.373 -11.5478
4.194 1062.45 588.41 -11.5478
4.195 1062.73 588.446 -11.5478
4.196 1063.02 588.483 -11.5478
4.197 1063.3 588.52 -11.5478
4.198 1063.58 588.558 -11.5478
4.199 1063.86 588.595 -11.5478
4.2 1064.14 588.633 -11.5478
4.201 1064.42 588.67 -11.5478
4.202 1064.7 588.708 -11.5478
4.203 1064.98 588.746 -11.5478
4.204 1065.26 588.785 -11.5478
4.205 1065.55 588.823 -11.5478
4.206 1065.83 588.862 -11.5478
4.207 1066.11 588.9 -11.5478
4.208 1066.39 588.939 -11.5478
4.209 1066.67 588.978 -11.5478
4.21 1066.95 589.018 -11.5478
4.211 1067.23 589.057 -11.5478
4.212 1067.51 589.097 -11.5478
4.213 1067.8 589.136 -11.5478
4.214 1068.08 589.176 -11.5478
4.215 1068.36 589.217 -11.5478
4.216 1068.64 589.257 -11.5478
4.217 1068.92 589.297 -11.5478
4.218 1069.2 589.338 -11.5478
4.219 1069.48 589.379 -11.5478
4.22 1069.77 589.42 -11.5478
4.221 1070.05 589.461 -11.5478
4.222 1070.33 589.502 -11.5478
4.223 1070.61 589.543 -11.5478
4.224 1070.89 589.585 -11.5478
4.225 1071.17 589.627 -11.5478
4.226 1071.46 589.669 -11.5478
4.227 1071.74 589.711 -11.5478
4.228 1072.02 589.753 -11.5478
4.229 1072.3 589.796 -11.5478
4.23 1072.58 589.838 -11.5478
4.231 1072.86 589.881 -11.5478
4.232 1073.15 589.924 -11.5478
4.233 1073.43 589.967 -11.5478
4.234 1073.71 590.011 -11.5478
4.235 1073.99 590.054 -11.5478
4.236 1074.27 590.098 -11.5478
4.237 1074.55 590.142 -11.5478
4.238 1074.84 590.186 -11.5478
4.239 1075.12 590.23 -11.5478
4.24 1075.4 590.274 -11.5478
4.241 1075.68 590.319 -11.5478
4.242 1075.96 590.363 -11.5478
4.243 1076.25 590.408 -11.5478
4.244 1076.53 590.453 -11.5478
4.245 1076.81 590.498 -11.5478
4.246 1077.09 590.544 -11.5478
4.247 1077.37 590.589 -11.5478
4.248 1077.66 590.635 -11.5478
4.249 1077.94 590.681 -11.5478
4.25 1078.22 590.727 -11.5478
4.251 1078.5 590.773 -11.5478
4.252 1078.78 590.819 -11.5478
4.253 1079.07 590.866 -11.5478
4.254 1079.35 590.913 -11.5478
4.255 1079.63 590.96 -11.5478
4.256 1079.91 591.007 -11.5478
4.257 1080.19 591.054 -11.5478
4.258 1080.48 591.101 -11.5478
4.259 1080.76 591.149 -11.5478
4.26 1081.04 591.197 -11.5478
4.261 1081.32 591.245 -11.5478
4.262 1081.6 591.293 -11.5478
4.263 1081.89 591.341 -11.5478
4.264 1082.17 591.389 -11.5478
4.265 1082.45 591.438 -11.5478
4.266 1082.73 591.487 -11.5478
4.267 1083.01 591.536 -11.5478
4.268 1083.3 591.585 -11.5478
4.269 1083.58 591.634 -11.5478
4.27 1083.86 591.683 -11.5478
4.271 1084.14 591.733 -11.5478
4.272 1084.43 591.783 -11.5478
4.273 1084.71 591.833 -11.5478
4.274 1084.99 591.883 -11.5478
4.275 1085.27 591.933 -11.5478
4.276 1085.55 591.984 -11.5478
4.277 1085.84 592.034 -11.5478
4.278 1086.12 592.085 -11.5478
4.279 1086.4 592.136 -11.5478
4.28 1086.68 592.187 -11.5478
4.281 1086.97 592.239 -11.5478
4.282 1087.25 592.29 -11.5478
4.283 1087.53 592.342 -11.5478
4.284 1087.81 592.394 -11.5478
4.285 1088.09 592.446 -11.5478
4.286 1088.38 592.498 -11.5478
4.287 1088.66 592.55 -11.5478
4.288 1088.94 592.603 -11.5478
4.289 1089.22 592.655 -11.5478
4.29 1089.51 592.708 -11.5478
4.291 1089.79 592.761 -11.5478
4.292 1090.07 592.815 -11.5478
4.293 1090.35 592.868 -11.5478
4.294 1090.63 592.922 -11.5478
4.295 1090.92 592.975 -11.5478
4.296 1091.2 593.029 -11.5478
4.297 1091.48 593.083 -11.5478
4.298 1091.76 593.138 -11.5478
4.299 1092.05 593.192 -11.5478
4.3 1092.33 593.247 -11.5478
4.301 1092.61 593.301 -11.5478
4.302 1092.89 593.356 -11.5478
4.303 1093.17 593.411 -11.5478
4.304 1093.46 593.467 -11.5478
4.305 1093.74 593.522 -11.5478
4.306 1094.02 593.578 -11.5478
4.307 1094.3 593.634 -11.5478
4.308 1094.59 593.69 -11.5478
4.309 1094.87 593.746 -11.5478
4.31 1095.15 593.802 -11.5478
4.311 1095.43 593.859 -11.5478
4.312 1095.71 593.915 -11.5478
4.313 1096 593.972 -11.5478
4.314 1096.28 594.029 -11.5478
4.315 1096.56 594.086 -11.5478
4.316 1096.84 594.144 -11.5478
4.317 1097.12 594.201 -11.5478
4.318 1097.41 594.259 -11.5478
4.319 1097.69 594.317 -11.5478
4.32 1097.97 594.375 -11.5478
4.321 1098.25 594.433 -11.5478
4.322 1098.54 594.492 -11.5478
4.323 1098.82 594.55 -11.5478
4.324 1099.1 594.609 -11.5478
4.325 1099.38 594.668 -11.5478
4.326 1099.66 594.727 -11.5478
4.327 1099.95 594.786 -11.5478
4.328 1100.23 594.846 -11.5478
4.329 1100.51 594.905 -11.5478
4.33 1100.79 594.965 -11.5478
4.331 1101.07 595.025 -11.5478
4.332 1101.36 595.085 -11.5478
4.333 1101.64 595.145 -11.5478
4.334 1101.92 595.206 -11.5478
4.335 1102.2 595.267 -11.5478
4.336 1102.48 595.327 -11.5478
4.337 1102.77 595.388 -11.5478
4.338 1103.05 595.45 -11.5478
4.339 1103.33 595.511 -11.5478
4.34 1103.61 595.573 -11.5478
4.341 1103.89 595.634 -11.5478
4.342 1104.18 595.696 -11.5478
4.343 1104.46 595.758 -11.5478
4.344 1104.74 595.82 -11.5478
4.345 1105.02 595.883 -11.5478
4.346 1105.3 595.945 -11.5478
4.347 1105.59 596.008 -11.5478
4.348 1105.87 596.071 -11.5478
4.349 1106.15 596.134 -11.5478
4.35 1106.43 596.197 -11.5478
4.351 1106.71 596.261 -11.5478
4.352 1106.99 596.325 -11.5478
4.353 1107.28 596.388 -11.5478
4.354 1107.56 596.452 -11.5478
4.355 1107.84 596.516 -11.5478
4.356 1108.12 596.581 -11.5478
4.357 1108.4 596.645 -11.5478
4.358 1108.68 596.71 -11.5478
4.359 1108.97 596.775 -11.5478
4.36 1109.25 596.84 -11.5478
4.361 1109.53 596.905 -11.5478
4.362 1109.81 596.97 -11.5478
4.363 1110.09 597.036 -11.5478
4.364 1110.37 597.102 -11.5478
4.365 1110.66 597.168 -11.5478
4.366 1110.94 597.234 -11.5478
4.367 1111.22 597.3 -11.5478
4.368 1111.5 597.366 -11.5478
4.369 1111.78 597.433 -11.5478
4.37 1112.06 597.5 -11.5478
4.371 1112.34 597.567 -11.5478
4.372 1112.63 597.634 -11.5478
4.373 1112.91 597.701 -11.5478
4.374 1113.19 597.769 -11.5478
4.375 1113.47 597.836 -11.5478
4.376 1113.75 597.904 -11.5478
4.377 1114.03 597.972 -11.5478
4.378 1114.31 598.04 -11.5478
4.379 1114.59 598.109 -11.5478
4.38 1114.88 598.177 -11.5478
4.381 1115.16 598.246 -11.5478
4.382 1115.44 598.315 -11.5478
4.383 1115.72 598.384 -11.5478
4.384 1116 598.453 -11.5478
4.385 1116.28 598.523 -11.5478
4.386 1116.56 598.592 -11.5478
4.387 1116.84 598.662 -11.5478
4.388 1117.12 598.732 -11.5478
4.389 1117.41 598.802 -11.5478
4.39 1117.69 598.872 -11.5478
4.391 1117.97 598.943 -11.5478
4.392 1118.25 599.013 -11.5478
4.393 1118.53 599.084 -11.5478
4.394 1118.81 599.155 -11.5478
4.395 1119.09 599.227 -11.5478
4.396 1119.37 599.298 -11.5478
4.397 1119.65 599.369 -11.5478
4.398 1119.93 599.441 -11.5478
4.399 1120.21 599.513 -11.5478
4.4 1120.49 599.585 -11.5478
4.401 1120.77 599.657 -11.5478
4.402 1121.06 599.73 -11.5478
4.403 1121.34 599.802 -11.5478
4.404 1121.62 599.875 -11.5478
4.405 1121.9 599.948 -11.5478
4.406 1122.18 600.021 -11.5478
4.407 1122.46 600.095 -11.5478
4.408 1122.74 600.168 -11.5478
4.409 1123.02 600.242 -11.5478
4.41 1123.3 600.316 -11.5478
4.411 1123.58 600.39 -11.5478
4.412 1123.86 600.464 -11.5478
4.413 1124.14 600.538 -11.5478
4.414 1124.42 600.613 -11.5478
4.415 1124.7 600.687 -11.5478
4.416 1124.98 600.762 -11.5478
4.417 1125.26 600.837 -11.5478
4.418 1125.54 600.913 -11.5478
4.419 1125.82 600.988 -11.5478
4.42 1126.1 601.064 -11.5478
4.421 1126.38 601.139 -11.5478
4.422 1126.66 601.215 -11.5478
4.423 1126.94 601.292 -11.5478
4.424 1127.22 601.368 -11.5478
4.425 1127.5 601.444 -11.5478
4.426 1127.78 601.521 -11.5478
4.427 1128.06 601.598 -11.5478
4.428 1128.34 601.675 -11.5478
4.429 1128.62 601.752 -11.5478
4.43 1128.9 601.83 -11.5478
4.431 1129.18 601.907 -11.5478
4.432 1129.46 601.985 -11.5478
4.433 1129.74 602.063 -11.5478
4.434 1130.02 602.141 -11.5478
4.435 1130.29 602.219 -11.5478
4.436 1130.57 602.298 -11.5478
4.437 1130.85 602.376 -11.5478
4.438 1131.13 602.455 -11.5478
4.439 1131.41 602.534 -11.5478
4.44 1131.69 602.613 -11.5478
4.441 1131.97 602.693 -11.5478
4.442 1132.25 602.772 -11.5478
4.443 1132.53 602.852 -11.5478
4.444 1132.81 602.932 -11.5478
4.445 1133.09 603.012 -11.5478
4.446 1133.36 603.092 -11.5478
4.447 1133.64 603.173 -11.5478
4.448 1133.92 603.253 -11.5478
4.449 1134.2 603.334 -11.5478
4.45 1134.48 603.415 -11.5478
4.451 1134.76 603.496 -11.5478
4.452 1135.04 603.578 -11.5478
4.453 1135.32 603.659 -11.5478
4.454 1135.59 603.741 -11.5478
4.455 1135.87 603.823 -11.5478
4.456 1136.15 603.905 -11.5478
4.457 1136.43 603.987 -11.5478
4.458 1136.71 604.069 -11.5478
4.459 1136.99 604.152 -11.5478
4.46 1137.26 604.235 -11.5478
4.461 1137.54 604.318 -11.5478
4.462 1137.82 604.401 -11.5478
4.463 1138.1 604.484 -11.5478
4.464 1138.38 604.567 -11.5478
4.465 1138.65 604.651 -11.5478
4.466 1138.93 604.735 -11.5478
4.467 1139.21 604.819 -11.5478
4.468 1139.49 604.903 -11.5478
4.469 1139.77 604.988 -11.5478
4.47 1140.04 605.072 -11.5478
4.471 1140.32 605.157 -11.5478
4.472 1140.6 605.242 -11.5478
4.473 1140.88 605.327 -11.5478
4.474 1141.15 605.412 -11.5478
4.475 1141.43 605.498 -11.5478
4.476 1141.71 605.583 -11.5478
4.477 1141.99 605.669 -11.5478
4.478 1142.26 605.755 -11.5478
4.479 1142.54 605.841 -11.5478
4.48 1142.82 605.928 -11.5478
4.481 1143.1 606.014 -11.5478
4.482 1143.37 606.101 -11.5478
4.483 1143.65 606.188 -11.5478
4.484 1143.93 606.275 -11.5478
4.485 1144.2 606.362 -11.5478
4.486 1144.48 606.449 -11.5478
4.487 1144.76 606.537 -11.5478
4.488 1145.03 606.625 -11.5478
4.489 1145.31 606.713 -11.5478
4.49 1145.59 606.801 -11.5478
4.491 1145.86 606.889 -11.5478
4.492 1146.14 606.978 -11.5478
4.493 1146.42 607.067 -11.5478
4.494 1146.69 607.155 -11.5478
4.495 1146.97 607.245 -11.5478
4.496 1147.24 607.334 -11.5478
4.497 1147.52 607.423 -11.5478
4.498 1147.8 607.513 -11.5478
4.499 1148.07 607.603 -11.5478
4.5 1148.35 607.693 -11.5478
4.501 1148.63 607.783 -11.5478
4.502 1148.9 607.873 -11.5478
4.503 1149.18 607.964 -11.5478
4.504 1149.45 608.054 -11.5478
4.505 1149.73 608.145 -11.5478
4.506 1150 608.236 -11.5478
4.507 1150.28 608.327 -11.5478
4.508 1150.55 608.419 -11.5478
4.509 1150.83 608.51 -11.5478
4.51 1151.11 608.602 -11.5478
4.511 1151.38 608.694 -11.5478
4.512 1151.66 608.786 -11.5478
4.513 1151.93 608.879 -11.5478
4.514 1152.21 608.971 -11.5478
4.515 1152.48 609.064 -11.5478
4.516 1152.76 609.157 -11.5478
4.517 1153.03 609.25 -11.5478
4.518 1153.31 609.343 -11.5478
4.519 1153.58 609.436 -11.5478
4.52 1153.86 609.53 -11.5478
4.521 1154.13 609.624 -11.5478
4.522 1154.4 609.718 -11.5478
4.523 1154.68 609.812 -11.5478
4.524 1154.95 609.906 -11.5478
4.525 1155.23 610.001 -11.5478
4.526 1155.5 610.095 -11.5478
4.527 1155.78 610.19 -11.5478
4.528 1156.05 610.285 -11.5478
4.529 1156.32 610.381 -11.5478
4.53 1156.6 610.476 -11.5478
4.531 1156.87 610.572 -11.5478
4.532 1157.15 610.667 -11.5478
4.533 1157.42 610.763 -11.5478
4.534 1157.69 610.86 -11.5478
4.535 1157.97 610.956 -11.5478
4.536 1158.24 611.052 -11.5478
4.537 1158.51 611.149 -11.5478
4.538 1158.79 611.246 -11.5478
4.539 1159.06 611.343 -11.5478
4.54 1159.33 611.44 -11.5478
4.541 1159.61 611.538 -11.5478
4.542 1159.88 611.635 -11.5478
4.543 1160.15 611.733 -11.5478
4.544 1160.42 611.831 -11.5478
4.545 1160.7 611.929 -11.5478
4.546 1160.97 612.027 -11.5478
4.547 1161.24 612.126 -11.5478
4.548 1161.52 612.225 -11.5478
4.549 1161.79 612.324 -11.5478
4.55 1162.06 612.423 -11.5478
4.551 1162.33 612.522 -11.5478
4.552 1162.61 612.621 -11.5478
4.553 1162.88 612.721 -11.5478
4.554 1163.15 612.821 -11.5478
4.555 1163.42 612.921 -11.5478
4.556 1163.69 613.021 -11.5478
4.557 1163.97 613.121 -11.5478
4.558 1164.24 613.222 -11.5478
4.559 1164.51 613.322 -11.5478
4.56 1164.78 613.423 -11.5478
4.561 1165.05 613.524 -11.5478
4.562 1165.32 613.626 -11.5478
4.563 1165.59 613.727 -11.5478
4.564 1165.87 613.829 -11.5478
4.565 1166.14 613.931 -11.5478
4.566 1166.41 614.033 -11.5478
4.567 1166.68 614.135 -11.5478
4.568 1166.95 614.237 -11.5478
4.569 1167.22 614.34 -11.5478
4.57 1167.49 614.442 -11.5478
4.571 1167.76 614.545 -11.5478
4.572 1168.03 614.648 -11.5478
4.573 1168.3 614.752 -11.5478
4.574 1168.57 614.855 -11.5478
4.575 1168.84 614.959 -11.5478
4.576 1169.11 615.063 -11.5478
4.577 1169.38 615.167 -11.5478
4.578 1169.65 615.271 -11.5478
4.579 1169.92 615.375 -11.5478
4.58 1170.19 615.48 -11.5478
4.581 1170.46 615.585 -11.5478
4.582 1170.73 615.69 -11.5478
4.583 1171 615.795 -11.5478
4.584 1171.27 615.9 -11.5478
4.585 1171.54 616.005 -11.5478
4.586 1171.81 616.111 -11.5478
4.587 1172.08 616.217 -11.5478
4.588 1172.35 616.323 -11.5478
4.589 1172.62 616.429 -11.5478
4.59 1172.89 616.536 -11.5478
4.591 1173.16 616.642 -11.5478
4.592 1173.42 616.749 -11.5478
4.593 1173.69 616.856 -11.5478
4.594 1173.96 616.963 -11.5478
4.595 1174.23 617.07 -11.5478
4.596 1174.5 617.178 -11.5478
4.597 1174.77 617.286 -11.5478
4.598 1175.04 617.394 -11.5478
4.599 1175.3 617.502 -11.5478
4.6 1175.57 617.61 -11.5478
4.601 1175.84 617.718 -11.5478
4.602 1176.11 617.827 -11.5478
4.603 1176.37 617.936 -11.5478
4.604 1176.64 618.045 -11.5478
4.605 1176.91 618.154 -11.5478
4.606 1177.18 618.263 -11.5478
4.607 1177.44 618.373 -11.5478
4.608 1177.71 618.482 -11.5478
4.609 1177.98 618.592 -11.5478
4.61 1178.25 618.702 -11.5478
4.611 1178.51 618.813 -11.5478
4.612 1178.78 618.923 -11.5478
4.613 1179.05 619.034 -11.5478
4.614 1179.31 619.145 -11.5478
4.615 1179.58 619.256 -11.5478
4.616 1179.84 619.367 -11.5478
4.617 1180.11 619.478 -11.5478
4.618 1180.38 619.59 -11.5478
4.619 1180.64 619.702 -11.5478
4.62 1180.91 619.814 -11.5478
4.621 1181.17 619.926 -11.5478
4.622 1181.44 620.038 -11.5478
4.623 1181.71 620.151 -11.5478
4.624 1181.97 620.263 -11.5478
4.625 1182.24 620.376 -11.5478
4.626 1182.5 620.489 -11.5478
4.627 1182.77 620.602 -11.5478
4.628 1183.03 620.716 -11.5478
4.629 1183.3 620.829 -11.5478
4.63 1183.56 620.943 -11.5478
4.631 1183.83 621.057 -11.5478
4.632 1184.09 621.171 -11.5478
4.633 1184.36 621.286 -11.5478
4.634 1184.62 621.4 -11.5478
4.635 1184.88 621.515 -11.5478
4.636 1185.15 621.63 -11.5478
4.637 1185.41 621.745 -11.5478
4.638 1185.68 621.86 -11.5478
4.639 1185.94 621.976 -11.5478
4.64 1186.2 622.091 -11.5478
4.641 1186.47 622.207 -11.5478
4.642 1186.73 622.323 -11.5478
4.643 1187 622.439 -11.5478
4.644 1187.26 622.556 -11.5478
4.645 1187.52 622.672 -11.5478
4.646 1187.78 622.789 -11.5478
4.647 1188.05 622.906 -11.5478
4.648 1188.31 623.023 -11.5478
4.649 1188.57 623.141 -11.5478
4.65 1188.84 623.258 -11.5478
4.651 1189.1 623.376 -11.5478
4.652 1189.36 623.494 -11.5478
4.653 1189.62 623.612 -11.5478
4.654 1189.89 623.73 -11.5478
4.655 1190.15 623.848 -11.5478
4.656 1190.41 623.967 -11.5478
4.657 1190.67 624.086 -11.5478
4.658 1190.93 624.205 -11.5478
4.659 1191.19 624.324 -11.5478
4.66 1191.46 624.443 -11.5478
4.661 1191.72 624.563 -11.5478
4.662 1191.98 624.683 -11.5478
4.663 1192.24 624.803 -11.5478
4.664 1192.5 624.923 -11.5478
4.665 1192.76 625.043 -11.5478
4.666 1193.02 625.164 -11.5478
4.667 1193.28 625.284 -11.5478
4.668 1193.54 625.405 -11.5478
4.669 1193.8 625.526 -11.5478
4.67 1194.06 625.647 -11.5478
4.671 1194.32 625.769 -11.5478
4.672 1194.58 625.89 -11.5478
4.673 1194.84 626.012 -11.5478
4.674 1195.1 626.134 -11.5478
4.675 1195.36 626.256 -11.5478
4.676 1195.62 626.379 -11.5478
4.677 1195.88 626.501 -11.5478
4.678 1196.14 626.624 -11.5478
4.679 1196.4 626.747 -11.5478
4.68 1196.66 626.87 -11.5478
4.681 1196.92 626.993 -11.5478
4.682 1197.17 627.117 -11.5478
4.683 1197.43 627.24 -11.5478
4.684 1197.69 627.364 -11.5478
4.685 1197.95 627.488 -11.5478
4.686 1198.21 627.612 -11.5478
4.687 1198.47 627.737 -11.5478
4.688 1198.72 627.861 -11.5478
4.689 1198.98 627.986 -11.5478
4.69 1199.24 628.111 -11.5478
4.691 1199.5 628.236 -11.5478
4.692 1199.75 628.362 -11.5478
4.693 1200.01 628.487 -11.5478
4.694 1200.27 628.613 -11.5478
4.695 1200.53 628.739 -11.5478
4.696 1200.78 628.865 -11.5478
4.697 1201.04 628.991 -11.5478
4.698 1201.3 629.117 -11.5478
4.699 1201.55 629.244 -11.5478
4.7 1201.81 629.371 -11.5478
4.701 1202.06 629.498 -11.5478
4.702 1202.32 629.625 -11.5478
4.703 1202.58 629.752 -11.5478
4.704 1202.83 629.88 -11.5478
4.705 1203.09 630.008 -11.5478
4.706 1203.34 630.136 -11.5478
4.707 1203.6 630.264 -11.5478
4.708 1203.85 630.392 -11.5478
4.709 1204.11 630.521 -11.5478
4.71 1204.36 630.649 -11.5478
4.711 1204.62 630.778 -11.5478
4.712 1204.87 630.907 -11.5478
4.713 1205.13 631.037 -11.5478
4.714 1205.38 631.166 -11.5478
4.715 1205.64 631.296 -11.5478
4.716 1205.89 631.426 -11.5478
4.717 1206.14 631.556 -11.5478
4.718 1206.4 631.686 -11.5478
4.719 1206.65 631.816 -11.5478
4.72 1206.9 631.947 -11.5478
4.721 1207.16 632.077 -11.5478
4.722 1207.41 632.208 -11.5478
4.723 1207.66 632.339 -11.5478
4.724 1207.92 632.471 -11.5478
4.725 1208.17 632.602 -11.5478
4.726 1208.42 632.734 -11.5478
4.727 1208.67 632.866 -11.5478
4.728 1208.93 632.998 -11.5478
4.729 1209.18 633.13 -11.5478
4.73 1209.43 633.263 -11.5478
4.731 1209.68 633.395 -11.5478
4.732 1209.94 633.528 -11.5478
4.733 1210.19 633.661 -11.5478
4.734 1210.44 633.794 -11.5478
4.735 1210.69 633.928 -11.5478
4.736 1210.94 634.061 -11.5478
4.737 1211.19 634.195 -11.5478
4.738 1211.44 634.329 -11.5478
4.739 1211.69 634.463 -11.5478
4.74 1211.94 634.597 -11.5478
4.741 1212.19 634.732 -11.5478
4.742 1212.44 634.866 -11.5478
4.743 1212.69 635.001 -11.5478
4.744 1212.94 635.136 -11.5478
4.745 1213.19 635.272 -11.5478
4.746 1213.44 635.407 -11.5478
4.747 1213.69 635.543 -11.5478
4.748 1213.94 635.679 -11.5478
4.749 1214.19 635.815 -11.5478
4.75 1214.44 635.951 -11.5478
4.751 1214.69 636.087 -11.5478
4.752 1214.94 636.224 -11.5478
4.753 1215.19 636.36 -11.5478
4.754 1215.43 636.497 -11.5478
4.755 1215.68 636.634 -11.5478
4.756 1215.93 636.772 -11.5478
4.757 1216.18 636.909 -11.5478
4.758 1216.43 637.047 -11.5478
4.759 1216.67 637.185 -11.5478
4.76 1216.92 637.323 -11.5478
4.761 1217.17 637.461 -11.5478
4.762 1217.42 637.6 -11.5478
4.763 1217.66 637.738 -11.5478
4.764 1217.91 637.877 -11.5478
4.765 1218.16 638.016 -11.5478
4.766 1218.4 638.155 -11.5478
4.767 1218.65 638.295 -11.5478
4.768 1218.89 638.434 -11.5478
4.769 1219.14 638.574 -11.5478
4.77 1219.39 638.714 -11.5478
4.771 1219.63 638.854 -11.5478
4.772 1219.88 638.994 -11.5478
4.773 1220.12 639.135 -11.5478
4.774 1220.37 639.275 -11.5478
4.775 1220.61 639.416 -11.5478
4.776 1220.86 639.557 -11.5478
4.777 1221.1 639.699 -11.5478
4.778 1221.35 639.84 -11.5478
4.779 1221.59 639.982 -11.5478
4.78 1221.84 640.124 -11.5478
4.781 1222.08 640.266 -11.5478
4.782 1222.32 640.408 -11.5478
4.783 1222.57 640.55 -11.5478
4.784 1222.81 640.693 -11.5478
4.785 1223.05 640.835 -11.5478
4.786 1223.3 640.978 -11.5478
4.787 1223.54 641.121 -11.5478
4.788 1223.78 641.265 -11.5478
4.789 1224.02 641.408 -11.5478
4.79 1224.27 641.552 -11.5478
4.791 1224.51 641.696 -11.5478
4.792 1224.75 641.84 -11.5478
4.793 1224.99 641.984 -11.5478
4.794 1225.24 642.129 -11.5478
4.795 1225.48 642.273 -11.5478
4.796 1225.72 642.418 -11.5478
4.797 1225.96 642.563 -11.5478
4.798 1226.2 642.708 -11.5478
4.799 1226.44 642.854 -11.5478
4.8 1226.68 642.999 -11.5478
4.801 1226.92 643.145 -11.5478
4.802 1227.16 643.291 -11.5478
4.803 1227.4 643.437 -11.5478
4.804 1227.64 643.583 -11.5478
4.805 1227.88 643.73 -11.5478
4.806 1228.12 643.877 -11.5478
4.807 1228.36 644.023 -11.5478
4.808 1228.6 644.171 -11.5478
4.809 1228.84 644.318 -11.5478
4.81 1229.08 644.465 -11.5478
4.811 1229.32 644.613 -11.5478
4.812 1229.56 644.761 -11.5478
4.813 1229.79 644.909 -11.5478
4.814 1230.03 645.057 -11.5478
4.815 1230.27 645.205 -11.5478
4.816 1230.51 645.354 -11.5478
4.817 1230.75 645.503 -11.5478
4.818 1230.98 645.652 -11.5478
4.819 1231.22 645.801 -11.5478
4.82 1231.46 645.95 -11.5478
4.821 1231.7 646.1 -11.5478
4.822 1231.93 646.249 -11.5478
4.823 1232.17 646.399 -11.5478
4.824 1232.4 646.549 -11.5478
4.825 1232.64 646.699 -11.5478
4.826 1232.88 646.85 -11.5478
4.827 1233.11 647.001 -11.5478
4.828 1233.35 647.151 -11.5478
4.829 1233.58 647.302 -11.5478
4.83 1233.82 647.454 -11.5478
4.831 1234.05 647.605 -11.5478
4.832 1234.29 647.757 -11.5478
4.833 1234.52 647.908 -11.5478
4.834 1234.76 648.06 -11.5478
4.835 1234.99 648.212 -11.5478
4.836 1235.23 648.365 -11.5478
4.837 1235.46 648.517 -11.5478
4.838 1235.69 648.67 -11.5478
4.839 1235.93 648.823 -11.5478
4.84 1236.16 648.976 -11.5478
4.841 1236.39 649.129 -11.5478
4.842 1236.63 649.283 -11.5478
4.843 1236.86 649.436 -11.5478
4.844 1237.09 649.59 -11.5478
4.845 1237.32 649.744 -11.5478
4.846 1237.56 649.898 -11.5478
4.847 1237.79 650.053 -11.5478
4.848 1238.02 650.207 -11.5478
4.849 1238.25 650.362 -11.5478
4.85 1238.48 650.517 -11.5478
4.851 1238.71 650.672 -11.5478
4.852 1238.95 650.827 -11.5478
4.853 1239.18 650.983 -11.5478
4.854 1239.41 651.139 -11.5478
4.855 1239.64 651.295 -11.5478
4.856 1239.87 651.451 -11.5478
4.857 1240.1 651.607 -11.5478
4.858 1240.33 651.763 -11.5478
4.859 1240.56 651.92 -11.5478
4.86 1240.79 652.077 -11.5478
4.861 1241.02 652.234 -11.5478
4.862 1241.24 652.391 -11.5478
4.863 1241.47 652.548 -11.5478
4.864 1241.7 652.706 -11.5478
4.865 1241.93 652.864 -11.5478
4.866 1242.16 653.022 -11.5478
4.867 1242.39 653.18 -11.5478
4.868 1242.61 653.338 -11.5478
4.869 1242.84 653.497 -11.5478
4.87 1243.07 653.655 -11.5478
4.871 1243.3 653.814 -11.5478
4.872 1243.52 653.973 -11.5478
4.873 1243.75 654.133 -11.5478
4.874 1243.98 654.292 -11.5478
4.875 1244.2 654.452 -11.5478
4.876 1244.43 654.611 -11.5478
4.877 1244.65 654.771 -11.5478
4.878 1244.88 654.932 -11.5478
4.879 1245.11 655.092 -11.5478
4.88 1245.33 655.253 -11.5478
4.881 1245.56 655.413 -11.5478
4.882 1245.78 655.574 -11.5478
4.883 1246.01 655.735 -11.5478
4.884 1246.23 655.897 -11.5478
4.885 1246.45 656.058 -11.5478
4.886 1246.68 656.22 -11.5478
4.887 1246.9 656.382 -11.5478
4.888 1247.13 656.544 -11.5478
4.889 1247.35 656.706 -11.5478
4.89 1247.57 656.868 -11.5478
4.891 1247.8 657.031 -11.5478
4.892 1248.02 657.194 -11.5478
4.893 1248.24 657.357 -11.5478
4.894 1248.46 657.52 -11.5478
4.895 1248.68 657.683 -11.5478
4.896 1248.91 657.847 -11.5478
4.897 1249.13 658.011 -11.5478
4.898 1249.35 658.175 -11.5478
4.899 1249.57 658.339 -11.5478
4.9 1249.79 658.503 -11.5478
4.901 1250.01 658.668 -11.5478
4.902 1250.23 658.832 -11.5478
4.903 1250.45 658.997 -11.5478
4.904 1250.67 659.162 -11.5478
4.905 1250.89 659.327 -11.5478
4.906 1251.11 659.493 -11.5478
4.907 1251.33 659.658 -11.5478
4.908 1251.55 659.824 -11.5478
4.909 1251.77 659.99 -11.5478
4.91 1251.99 660.156 -11.5478
4.911 1252.21 660.323 -11.5478
4.912 1252.43 660.489 -11.5478
4.913 1252.65 660.656 -11.5478
4.914 1252.86 660.823 -11.5478
4.915 1253.08 660.99 -11.5478
4.916 1253.3 661.157 -11.5478
4.917 1253.52 661.325 -11.5478
4.918 1253.73 661.492 -11.5478
4.919 1253.95 661.66 -11.5478
4.92 1254.17 661.828 -11.5478
4.921 1254.38 661.997 -11.5478
4.922 1254.6 662.165 -11.5478
4.923 1254.81 662.334 -11.5478
4.924 1255.03 662.502 -11.5478
4.925 1255.25 662.671 -11.5478
4.926 1255.46 662.84 -11.5478
4.927 1255.68 663.01 -11.5478
4.928 1255.89 663.179 -11.5478
4.929 1256.11 663.349 -11.5478
4.93 1256.32 663.519 -11.5478
4.931 1256.53 663.689 -11.5478
4.932 1256.75 663.859 -11.5478
4.933 1256.96 664.03 -11.5478
4.934 1257.17 664.2 -11.5478
4.935 1257.39 664.371 -11.5478
4.936 1257.6 664.542 -11.5478
4.937 1257.81 664.713 -11.5478
4.938 1258.03 664.885 -11.5478
4.939 1258.24 665.056 -11.5478
4.94 1258.45 665.228 -11.5478
4.941 1258.66 665.4 -11.5478
4.942 1258.87 665.572 -11.5478
4.943 1259.08 665.744 -11.5478
4.944 1259.3 665.917 -11.5478
4.945 1259.51 666.089 -11.5478
4.946 1259.72 666.262 -11.5478
4.947 1259.93 666.435 -11.5478
4.948 1260.14 666.609 -11.5478
4.949 1260.35 666.782 -11.5478
4.95 1260.56 666.956 -11.5478
4.951 1260.77 667.129 -11.5478
4.952 1260.97 667.303 -11.5478
4.953 1261.18 667.477 -11.5478
4.954 1261.39 667.652 -11.5478
4.955 1261.6 667.826 -11.5478
4.956 1261.81 668.001 -11.5478
4.957 1262.02 668.176 -11.5478
4.958 1262.22 668.351 -11.5478
4.959 1262.43 668.526 -11.5478
4.96 1262.64 668.702 -11.5478
4.961 1262.85 668.877 -11.5478
4.962 1263.05 669.053 -11.5478
4.963 1263.26 669.229 -11.5478
4.964 1263.47 669.405 -11.5478
4.965 1263.67 669.582 -11.5478
4.966 1263.88 669.758 -11.5478
4.967 1264.08 669.935 -11.5478
4.968 1264.29 670.112 -11.5478
4.969 1264.49 670.289 -11.5478
4.97 1264.7 670.466 -11.5478
4.971 1264.9 670.644 -11.5478
4.972 1265.11 670.821 -11.5478
4.973 1265.31 670.999 -11.5478
4.974 1265.51 671.177 -11.5478
4.975 1265.72 671.355 -11.5478
4.976 1265.92 671.534 -11.5478
4.977 1266.12 671.712 -11.5478
4.978 1266.33 671.891 -11.5478
4.979 1266.53 672.07 -11.5478
4.98 1266.73 672.249 -11.5478
4.981 1266.93 672.428 -11.5478
4.982 1267.14 672.608 -11.5478
4.983 1267.34 672.788 -11.5478
4.984 1267.54 672.968 -11.5478
4.985 1267.74 673.148 -11.5478
4.986 1267.94 673.328 -11.5478
4.987 1268.14 673.508 -11.5478
4.988 1268.34 673.689 -11.5478
4.989 1268.54 673.87 -11.5478
4.99 1268.74 674.051 -11.5478
4.991 1268.94 674.232 -11.5478
4.992 1269.14 674.413 -11.5478
4.993 1269.34 674.595 -11.5478
4.994 1269.54 674.776 -11.5478
4.995 1269.73 674.958 -11.5478
4.996 1269.93 675.14 -11.5478
4.997 1270.13 675.322 -11.5478
4.998 1270.33 675.505 -11.5478
4.999 1270.53 675.687 -11.5478
5 1270.72 675.87 -11.5478
